,Year,Make,Model,Styling,Acceleration,Handling,Fun Factor,Cool Factor,Total_Weekend,Features,Comfort,Quality,Practicality,Value,Total_Daily,Total_Overall,Video_Length,Film_City,Film_State,Mfg_Country,city,state_name,lat,lng,population
0,2020,McLaren,Speedtail,8,10,10,10,10,48,7,4,7,2,6,26,74,38:57,Columbus,Ohio,UK,Columbus,Ohio,39.9862,-82.9855,1578153
1,1994,McLaren,F1,8,9,10,10,10,47,2,3,9,3,10,27,74,39:50,Burbank,California,UK,Burbank,California,34.1879,-118.3235,105165
2,2022,Lucid,Air Dream Edition,7,10,6,7,8,38,9,8,7,5,6,35,73,39:40,Los Angeles,California,USA,Los Angeles,California,34.1141,-118.4068,11885717
3,2022,GMC,Hummer EV Pickup,5,9,4,9,7,34,9,7,7,9,7,39,73,33:42,Detroit,Michigan,USA,Detroit,Michigan,42.3834,-83.1024,3716929
4,2021,Rivian,R1T,7,9,5,9,7,37,7,6,6,9,8,36,73,44:48,San Diego,California,USA,San Diego,California,32.8313,-117.1222,3057778
5,2021,Tesla,Model S Plaid,6,10,6,8,7,37,9,7,6,7,7,36,73,38:32,Los Angeles,California,USA,Los Angeles,California,34.1141,-118.4068,11885717
6,2019,Bugatti,Divo,8,10,9,10,10,47,6,5,7,1,7,26,73,38:36,Palm Beach,Florida,France,Palm Beach,Florida,26.6945,-80.0408,9234
7,2021,Bugatti,Chiron Pur Sport,9,10,9,10,10,48,6,5,7,1,6,25,73,31:04,Newport Beach,California,France,Newport Beach,California,33.6151,-117.8668,84304
8,2020,Ferrari,Monza SP1,9,10,10,10,10,49,5,2,8,1,7,23,72,32:13,Thermal,California,Italy,Thermal,California,33.6262,-116.1309,1420
9,2021,Mercedes,AMG E63 Wagon,7,9,6,7,6,35,9,7,7,8,6,37,72,26:44,Sacramento,California,Germany,Sacramento,California,38.5677,-121.4685,1962998
10,2021,Rimac,Nevera,7,10,10,10,10,47,7,3,6,2,7,25,72,35:26,Los Angeles,California,Croatia,Los Angeles,California,34.1141,-118.4068,11885717
11,2021,Koenigsegg,Regera,8,10,10,10,10,48,6,3,8,1,6,24,72,38:01,Columbus,Ohio,Sweden,Columbus,Ohio,39.9862,-82.9855,1578153
12,2021,McLaren,Sabre,8,10,10,10,9,47,6,3,8,2,6,25,72,15:01,Columbus,Ohio,UK,Columbus,Ohio,39.9862,-82.9855,1578153
13,2021,Ferrari,SF90 Stradale,8,10,10,9,9,46,6,4,8,2,6,26,72,35:34,Los Angeles,California,Italy,Los Angeles,California,34.1141,-118.4068,11885717
14,2021,Audi,RS6 Avant,7,8,6,7,7,35,9,7,8,8,5,37,72,28:12,Costa Mesa,California,Germany,Costa Mesa,California,33.6667,-117.9135,110538
15,2020,Porsche,Taycan Turbo S,7,10,6,8,8,39,8,7,8,5,5,33,72,35:19,Los Angeles,California,Germany,Los Angeles,California,34.1141,-118.4068,11885717
16,2015,Ferrari,LaFerrari,9,10,10,10,10,49,6,3,7,1,6,23,72,38:04,Los Angeles,California,Italy,Los Angeles,California,34.1141,-118.4068,11885717
17,2018,Koenigsegg,Agera RS1,8,10,10,10,10,48,6,3,8,1,6,24,72,38:23,Calabasas,California,Sweden,Calabasas,California,34.1375,-118.6689,22869
18,2019,Mercedes-Benz,GT63S 4-Door,7,9,7,8,6,37,9,7,7,6,6,35,72,25:13,Newport Beach,California,Germany,Newport Beach,California,33.6151,-117.8668,84304
19,2015,Porsche,918 Spyder,8,10,10,10,10,48,6,3,8,1,6,24,72,29:49,Franklin,Tennessee,Germany,Franklin,Tennessee,35.92,-86.8516,85575
20,2022,Tesla,Model X Plaid,5,10,5,7,6,33,9,7,6,9,7,38,71,37:08,Los Angeles,California,USA,Los Angeles,California,34.1141,-118.4068,11885717
21,2022,Porsche,Taycan GTS Sport Turismo,7,9,6,8,7,37,8,7,8,6,5,34,71,24:04,San Diego,California,Germany,San Diego,California,32.8313,-117.1222,3057778
22,2021,Porsche,Taycan Turbo CrossTurismo,7,9,6,8,7,37,8,7,8,6,5,34,71,26:41,San Diego,California,Germany,San Diego,California,32.8313,-117.1222,3057778
23,2022,Audi,RS E-Tron GT,7,9,6,8,7,37,8,7,8,5,6,34,71,24:16,Los Angeles,California,Germany,Los Angeles,California,34.1141,-118.4068,11885717
24,2020,Ferrari,812 GTS,8,10,9,9,9,45,6,5,8,2,5,26,71,24:45,Los Angeles,California,Italy,Los Angeles,California,34.1141,-118.4068,11885717
25,2018,Ferrari,812 Superfast,8,10,9,9,8,44,6,5,8,2,6,27,71,25:18,Los Angeles,California,Italy,Los Angeles,California,34.1141,-118.4068,11885717
26,2020,Ferrari,F8 Tributo,9,10,9,9,8,45,6,4,8,2,6,26,71,24:10,Los Angeles,California,Italy,Los Angeles,California,34.1141,-118.4068,11885717
27,2020,Lamborghini,Huracan Evo Spyder,8,10,10,9,8,45,6,4,8,2,6,26,71,24:29,San Diego,California,Italy,San Diego,California,32.8313,-117.1222,3057778
28,2014,McLaren,P1,8,10,10,10,10,48,6,3,7,1,6,23,71,38:13,Newport Beach,California,UK,Newport Beach,California,33.6151,-117.8668,84304
29,2019,McLaren,Senna,7,10,10,10,10,47,6,2,8,1,7,24,71,33:51,Boerne,Texas,UK,Boerne,Texas,29.7847,-98.7292,19509
30,2015,Ferrari,458 Speciale A,8,9,10,10,8,45,6,4,8,2,6,26,71,21:12,Irvine,California,Italy,Irvine,California,33.6772,-117.7738,308160
31,2018,Porsche,911 GT2RS,7,10,10,10,9,46,6,3,8,2,6,25,71,21:30,Redwood City,California,Germany,Redwood City,California,37.5025,-122.2253,82423
32,2015,Lamborghini,Huracan,8,10,9,9,8,44,6,4,8,2,7,27,71,12:25,Alpharetta,Georgia,Italy,Alpharetta,Georgia,34.0704,-84.2738,66355
33,2005,Porsche,Carrera GT,9,9,10,10,10,48,3,3,9,1,7,23,71,10:40,Beachwood,Ohio,Germany,Beachwood,Ohio,41.4759,-81.503,13850
34,2020,McLaren,Elva,9,10,10,10,10,49,5,2,7,1,6,21,70,29:32,San Diego,California,UK,San Diego,California,32.8313,-117.1222,3057778
35,2022,Porsche,Cayenne Turbo GT,7,9,6,6,6,34,8,6,8,8,6,36,70,24:29,San Diego,California,Germany,San Diego,California,32.8313,-117.1222,3057778
36,2015,Ferrari,F12 Berlinetta,8,9,9,9,8,43,6,5,7,2,7,27,70,20:00,San Diego,California,Italy,San Diego,California,32.8313,-117.1222,3057778
37,2021,McLaren,765LT,8,10,10,9,9,46,6,3,7,2,6,24,70,13:16,San Diego,California,UK,San Diego,California,32.8313,-117.1222,3057778
38,2019,Aston Martin,Vanquish Shooting Brake,9,8,7,8,9,41,6,5,8,4,6,29,70,27:22,Newport Beach,California,UK,Newport Beach,California,33.6151,-117.8668,84304
39,2021,Audi,RS7,7,9,6,7,6,35,9,7,8,6,5,35,70,20:08,Los Angeles,California,Germany,Los Angeles,California,34.1141,-118.4068,11885717
40,2021,Lamborghini,Centenario,9,10,9,10,10,48,6,3,7,1,5,22,70,30:14,Newport Beach,California,Italy,Newport Beach,California,33.6151,-117.8668,84304
41,2020,Porsche,Cayenne Turbo S Coupe,7,8,6,6,6,33,8,7,8,8,6,37,70,26:27,San Diego,California,Germany,San Diego,California,32.8313,-117.1222,3057778
42,2019,Ford,GT,8,10,10,10,10,48,6,2,7,1,6,22,70,35:53,Huntington Beach,California,USA,Huntington Beach,California,33.696,-118.0018,196010
43,2019,McLaren,720S Spider,8,10,9,10,8,45,6,4,7,2,6,25,70,23:16,San Diego,California,UK,San Diego,California,32.8313,-117.1222,3057778
44,2018,Lamborghini,Huracan Performante,8,10,10,9,8,45,6,3,8,2,6,25,70,26:23,Costa Mesa,California,Italy,Costa Mesa,California,33.6667,-117.9135,110538
45,2022,Maserati,MC20,9,10,8,8,8,43,6,4,7,2,7,26,69,29:40,San Diego,California,Italy,San Diego,California,32.8313,-117.1222,3057778
46,2018,BMW,M5,7,10,6,7,6,36,8,7,7,5,6,33,69,25:24,Santa Ana,California,Germany,Santa Ana,California,33.7367,-117.8819,311639
47,2020,Audi,RSQ8,7,8,5,6,6,32,8,7,8,8,6,37,69,22:15,Los Angeles,California,Germany,Los Angeles,California,34.1141,-118.4068,11885717
48,2021,Porsche,911 Turbo S (992),7,10,8,8,7,40,7,5,8,3,6,29,69,25:27,San Diego,California,Germany,San Diego,California,32.8313,-117.1222,3057778
49,2005,Pagani,Zonda S Roadster,9,9,10,10,10,48,4,3,7,1,6,21,69,33:26,Newport Beach,California,Italy,Newport Beach,California,33.6151,-117.8668,84304
50,2017,Pagani,Huayra Roadster,9,9,10,9,10,47,5,3,7,1,6,22,69,35:53,Upland,California,Italy,Upland,California,34.1178,-117.6604,78940
51,2012,Pagani,Huayra,9,9,10,9,10,47,5,3,7,1,6,22,69,39:08,Newport Beach,California,Italy,Newport Beach,California,33.6151,-117.8668,84304
52,2008,Koenigsegg,CCX,8,9,10,10,10,47,4,3,7,1,7,22,69,32:22,Upland,California,Sweden,Upland,California,34.1178,-117.6604,78940
53,2019,Porsche,Cayenne Turbo,7,8,6,6,5,32,8,7,8,8,6,37,69,23:41,Long Beach,California,Germany,Long Beach,California,33.7977,-118.167,458491
54,2019,Aston Martin,DBS Superleggera,8,9,7,8,8,40,6,5,8,4,6,29,69,23:46,Newport Beach,California,UK,Newport Beach,California,33.6151,-117.8668,84304
55,2018,Ferrari,Portofino,8,9,8,8,7,40,6,6,8,3,6,29,69,24:21,Newport Beach,California,Italy,Newport Beach,California,33.6151,-117.8668,84304
56,2017,McLaren,720S,8,10,9,9,8,44,6,4,7,2,6,25,69,25:45,West Chester,Pennsylvania,UK,West Chester,Pennsylvania,39.9601,-75.6058,19235
57,2018,BMW,M760i,6,8,6,5,6,31,9,9,8,6,6,38,69,27:47,Devon,Pennsylvania,Germany,Devon,Pennsylvania,40.0496,-75.4272,1623
58,2022,Acura,NSX Type S,8,10,8,8,7,41,6,5,8,2,6,27,68,29:33,San Diego,California,Japan,San Diego,California,32.8313,-117.1222,3057778
59,2021,Ford,Mustang Mach-E GT,6,8,6,6,5,31,8,6,7,9,7,37,68,21:20,San Diego,California,USA,San Diego,California,32.8313,-117.1222,3057778
60,2022,Cadillac,CT5-V Blackwing,6,8,6,8,7,35,8,7,6,5,7,33,68,28:30,San Diego,California,USA,San Diego,California,32.8313,-117.1222,3057778
61,2022,Porsche,911 GT3 Touring,7,9,9,9,8,42,6,4,8,2,6,26,68,12:53,San Diego,California,Germany,San Diego,California,32.8313,-117.1222,3057778
62,2021,BMW,Alpina XB7,6,8,5,5,5,29,9,8,8,9,5,39,68,24:47,Santa Ana,California,Germany,Santa Ana,California,33.7367,-117.8819,311639
63,2022,Porsche,911 GT3,7,9,9,9,8,42,6,4,8,2,6,26,68,29:04,Los Angeles,California,Germany,Los Angeles,California,34.1141,-118.4068,11885717
64,2021,BMW,M3,6,7,7,8,6,34,8,7,7,5,7,34,68,29:32,Santa Ana,California,Germany,Santa Ana,California,33.7367,-117.8819,311639
65,2021,Dodge,Ram TRX,7,8,4,8,6,33,7,6,6,8,8,35,68,26:44,San Diego,California,USA,San Diego,California,32.8313,-117.1222,3057778
66,2014,Bugatti,Veyron Vitesse,8,10,8,10,10,46,4,4,7,1,6,22,68,35:30,Palm Beach,Florida,France,Palm Beach,Florida,26.6945,-80.0408,9234
67,2014,Audi,RS7,7,8,6,7,6,34,7,7,8,6,6,34,68,22:15,King of Prussia,Pennsylvania,Germany,King of Prussia,Pennsylvania,40.0963,-75.3821,25025
68,2020,BMW,X5M Competition,7,8,6,7,5,33,8,6,7,8,6,35,68,27:22,Newport Beach,California,Germany,Newport Beach,California,33.6151,-117.8668,84304
69,2021,Bentley,Bentayga V8,5,7,5,6,6,29,8,9,8,8,6,39,68,25:42,San Diego,California,UK,San Diego,California,32.8313,-117.1222,3057778
70,2016,McLaren,675LT,7,10,10,9,8,44,6,3,6,2,7,24,68,25:23,Newport Beach,California,UK,Newport Beach,California,33.6151,-117.8668,84304
71,2020,Tesla,Model Y Performance,5,9,5,6,6,31,9,6,6,9,7,37,68,32:36,San Diego,California,USA,San Diego,California,32.8313,-117.1222,3057778
72,2020,Rolls-Royce,Cullinan Black Badge,6,6,4,5,7,28,10,10,9,6,5,40,68,29:28,San Diego,California,UK,San Diego,California,32.8313,-117.1222,3057778
73,2019,Audi,RS5 Sportback,7,8,6,7,5,33,8,7,7,7,6,35,68,23:17,Costa Mesa,California,Germany,Costa Mesa,California,33.6667,-117.9135,110538
74,2017,Ford,GT,8,10,10,10,10,48,5,2,6,1,6,20,68,17:38,Tooele,Utah,USA,Tooele,Utah,40.5393,-112.3082,37265
75,2020,Audi,R8 Decennium,7,10,8,9,7,41,7,5,8,2,5,27,68,21:43,Costa Mesa,California,Germany,Costa Mesa,California,33.6667,-117.9135,110538
76,2020,Bentley,Flying Spur W12,7,8,5,5,6,31,8,9,9,5,6,37,68,25:00,San Diego,California,UK,San Diego,California,32.8313,-117.1222,3057778
77,2022,Porsche,Cayman GT4RS,6,9,9,9,8,41,6,3,8,2,7,26,67,30:20,San Diego,California,Germany,San Diego,California,32.8313,-117.1222,3057778
78,2022,Porsche,911 GTS Coupe,7,9,8,8,6,38,7,4,9,3,6,29,67,21:58,San Diego,California,Germany,San Diego,California,32.8313,-117.1222,3057778
79,2021,Mecedes-AMG,GT Black Series,7,9,9,9,8,42,6,3,7,3,6,25,67,27:52,Temecula,California,Germany,Temecula,California,33.4928,-117.1315,110404
80,2018,Mercedes-Benz,AMG GTR,7,9,8,9,7,40,6,4,7,3,7,27,67,20:06,Newport Beach,California,Germany,Newport Beach,California,33.6151,-117.8668,84304
81,2021,Dodge,Durango Hellcat,6,9,5,7,6,33,7,6,6,9,6,34,67,27:38,Charlotte,North Carolina,USA,Charlotte,North Carolina,35.2083,-80.8303,1436613
82,2021,Porsche,Cayenne GTS,7,7,6,6,5,31,8,7,8,8,5,36,67,14:28,San Diego,California,Germany,San Diego,California,32.8313,-117.1222,3057778
83,2019,Mercedes - Benz,AMG G63,7,7,5,6,6,31,7,8,7,9,5,36,67,24:13,Upland,California,Germany,Upland,California,34.1178,-117.6604,78940
84,2011,Ferrari,599 GTO,8,9,9,9,8,43,5,4,7,2,6,24,67,20:28,Upland,California,Italy,Upland,California,34.1178,-117.6604,78940
85,2020,Porsche,911 991 Speedster,7,8,8,10,7,40,6,4,9,2,6,27,67,23:39,San Diego,California,Germany,San Diego,California,32.8313,-117.1222,3057778
86,2020,McLaren,GT,7,9,8,8,7,39,6,5,7,4,6,28,67,25:46,San Diego,California,UK,San Diego,California,32.8313,-117.1222,3057778
87,2020,Porsche,911 Carrera S,7,9,8,7,6,37,7,5,9,3,6,30,67,29:34,San Diego,California,Germany,San Diego,California,32.8313,-117.1222,3057778
88,2006,Bugatti,Veyron,7,10,8,10,10,45,4,4,7,1,6,22,67,34:31,Upland,California,France,Upland,California,34.1178,-117.6604,78940
89,2019,Aston Martin,DB11 AMR,8,9,7,7,7,38,6,6,8,4,5,29,67,10:28,Newport Beach,California,UK,Newport Beach,California,33.6151,-117.8668,84304
90,2010,Audi,R8 V10,8,8,8,8,7,39,5,5,8,2,8,28,67,10:49,San Francisco,California,Germany,San Francisco,California,37.7558,-122.4449,3364862
91,2019,Aston Martin,Vantage,7,9,8,8,7,39,6,6,7,3,6,28,67,23:13,Newport Beach,California,UK,Newport Beach,California,33.6151,-117.8668,84304
92,2017,Mercedes-Benz,AMG GT S,7,8,8,8,7,38,6,6,7,3,7,29,67,8:13,West Chester,Pennsylvania,Germany,West Chester,Pennsylvania,39.9601,-75.6058,19235
93,2017,Bentley,Bentayga,5,8,5,6,6,30,6,9,9,8,5,37,67,9:40,Golden Valley,Minnesota,UK,Golden Valley,Minnesota,44.9901,-93.3591,21927
94,2020,Porsche,911 C2S Manual,7,8,8,8,6,37,7,5,9,3,6,30,67,13:14,San Diego,California,Germany,San Diego,California,32.8313,-117.1222,3057778
95,2021,Mercedes-Maybach,S580,6,7,5,5,6,29,9,9,9,5,5,37,66,28:09,San Diego,California,Germany,San Diego,California,32.8313,-117.1222,3057778
96,2021,Mercedes - Benz,S580,6,7,5,5,5,28,9,9,9,5,6,38,66,33:32,Newport Beach,California,Germany,Newport Beach,California,33.6151,-117.8668,84304
97,2014,Ferrari,FF,5,9,7,7,7,35,5,6,7,5,8,31,66,26:01,San Diego,California,Italy,San Diego,California,32.8313,-117.1222,3057778
98,2020,Polestar,1,8,7,6,7,7,35,8,7,7,4,5,31,66,27:35,San Diego,California,Sweden,San Diego,California,32.8313,-117.1222,3057778
99,2018,Aston Martin,Lagonda Taraf,10,7,6,6,9,38,5,7,7,5,4,28,66,29:53,Los Angeles,California,UK,Los Angeles,California,34.1141,-118.4068,11885717
100,2021,Lexus,LC500 Convertible,8,7,6,6,6,33,8,6,10,3,6,33,66,27:58,San Diego,California,Japan,San Diego,California,32.8313,-117.1222,3057778
101,2020,Porsche,718 Cayman GT4,6,7,9,10,6,38,6,4,9,2,7,28,66,24:11,San Diego,California,Germany,San Diego,California,32.8313,-117.1222,3057778
102,2020,Range Rover,Velar SV Autobiography,7,7,6,6,6,32,8,6,6,8,6,34,66,23:56,San Diego,California,UK,San Diego,California,32.8313,-117.1222,3057778
103,2020,BMW,M8 Competition,7,9,7,6,6,35,8,7,7,4,5,31,66,23:17,Santa Ana,California,Germany,Santa Ana,California,33.7367,-117.8819,311639
104,2020,BMW,X3M Competition,6,8,6,7,5,32,7,6,7,8,6,34,66,11:27,Santa Ana,California,Germany,Santa Ana,California,33.7367,-117.8819,311639
105,2019,McLaren,600LT,7,10,10,10,7,44,6,2,6,2,6,22,66,22:42,San Diego,California,UK,San Diego,California,32.8313,-117.1222,3057778
106,2019,Cadillac,CTS-V,7,8,6,7,6,34,7,7,7,5,6,32,66,21:33,Tustin,California,USA,Tustin,California,33.7311,-117.8107,79035
107,2018,Jaguar,I-Pace,6,7,5,6,5,29,8,7,6,9,7,37,66,26:49,Carlsbad,California,UK,Carlsbad,California,33.1246,-117.2834,114500
108,2019,BMW,M850i,7,8,7,6,6,34,8,7,7,4,6,32,66,22:14,Santa Ana,California,Germany,Santa Ana,California,33.7367,-117.8819,311639
109,2020,Alfa Romeo,Stelvio Quadrifoglio,7,8,6,7,6,34,6,6,6,8,6,32,66,13:21,San Diego,California,Italy,San Diego,California,32.8313,-117.1222,3057778
110,2018,Alfa Romeo,Stelvio Quadrifoglio,7,8,6,7,6,34,6,6,6,8,6,32,66,22:23,Bethesda,Maryland,Italy,Bethesda,Maryland,38.9866,-77.1188,67403
111,2017,Aston Martin,DB11,8,8,7,7,7,37,6,6,8,4,5,29,66,12:17,Summit,New Jersey,UK,Summit,New Jersey,40.7154,-74.3647,22512
112,2014,Audi,R8,8,7,8,8,7,38,5,5,8,2,8,28,66,16:31,Birmingham,Michigan,Germany,Birmingham,Michigan,42.5446,-83.2166,21612
113,2018,Jeep,Grand Cherokee Trackhawk,6,9,5,7,6,33,7,6,6,8,6,33,66,25:42,Annapolis,Maryland,USA,Annapolis,Maryland,38.9706,-76.5047,40744
114,2020,Audi,SQ7,6,7,5,5,5,28,9,7,7,9,6,38,66,13:23,Santa Ana,California,Germany,Santa Ana,California,33.7367,-117.8819,311639
115,2022,Ford,F-150 Lightning,5,7,3,6,6,27,8,7,7,9,7,38,65,29:18,San Antonio,Texas,USA,San Antonio,Texas,29.4632,-98.5238,2069843
116,2022,Audi,S8,6,8,6,5,5,30,8,8,8,5,6,35,65,21:23,San Diego,California,Germany,San Diego,California,32.8313,-117.1222,3057778
117,2020,Audi,S8,6,8,6,5,5,30,8,8,8,5,6,35,65,23:40,Santa Ana,California,Germany,Santa Ana,California,33.7367,-117.8819,311639
118,2022,Hyundai,Ioniq 5 Limited,7,5,5,5,6,28,8,7,7,9,6,37,65,23:21,San Diego,California,South Korea,San Diego,California,32.8313,-117.1222,3057778
119,2022,BMW,i4 M50,6,8,6,6,5,31,8,7,7,6,6,34,65,24:54,San Diego,California,Germany,San Diego,California,32.8313,-117.1222,3057778
120,2022,BMW,iX xDrive50,4,7,5,6,6,28,9,8,7,7,6,37,65,31:02,San Diego,California,Germany,San Diego,California,32.8313,-117.1222,3057778
121,2022,Cadillac,CT4-V Blackwing,6,8,6,7,6,33,8,7,6,5,6,32,65,15:52,San Diego,California,USA,San Diego,California,32.8313,-117.1222,3057778
122,2017,Ford,F-150 Raptor,7,5,4,7,6,29,7,7,7,8,7,36,65,13:24,Philadelphia,Pennsylvania,USA,Philadelphia,Pennsylvania,40.0077,-75.1339,5696588
123,2021,BMW,M4 Competition,6,8,7,7,6,34,8,6,7,4,6,31,65,14:36,Santa Ana,California,Germany,Santa Ana,California,33.7367,-117.8819,311639
124,2021,Mercedes - Maybach,GLS600,6,6,4,4,6,26,9,9,9,7,5,39,65,29:54,San Diego,California,Germany,San Diego,California,32.8313,-117.1222,3057778
125,2015,Mercedes - Benz,CLS63 Shooting Brake,7,7,6,6,7,33,6,6,7,7,6,32,65,22:26,Los Angeles,California,Germany,Los Angeles,California,34.1141,-118.4068,11885717
126,2020,McLaren,620R,7,10,10,10,7,44,6,2,6,2,5,21,65,12:32,San Diego,California,UK,San Diego,California,32.8313,-117.1222,3057778
127,2021,Ford,Mustang Mach-E Premium,6,6,5,6,5,28,8,7,7,9,6,37,65,9:09,Los Angeles,California,USA,Los Angeles,California,34.1141,-118.4068,11885717
128,2021,Aston Martin,Vantage Roadster,8,8,8,8,7,39,6,6,7,2,5,26,65,22:23,San Diego,California,UK,San Diego,California,32.8313,-117.1222,3057778
129,2017,Mercedes-Maybach,S650 Cabriolet,7,7,5,5,6,30,8,9,8,4,6,35,65,28:41,Temecula,California,Germany,Temecula,California,33.4928,-117.1315,110404
130,2019,Jaguar,XE SV Project 8,6,9,7,8,6,36,6,6,7,5,5,29,65,25:56,San Diego,California,UK,San Diego,California,32.8313,-117.1222,3057778
131,2019,Maserati,Levante Trofeo,6,8,6,6,5,31,8,6,6,8,6,34,65,10:05,Ontario,California,Italy,Ontario,California,34.0393,-117.6064,178347
132,2019,BMW,M2 Competition,6,8,8,8,6,36,6,5,7,4,7,29,65,10:44,Los Angeles,California,Germany,Los Angeles,California,34.1141,-118.4068,11885717
133,2017,Nissan,GT-R Nismo,6,10,9,8,7,40,6,3,7,4,5,25,65,20:26,Upland,California,Japan,Upland,California,34.1178,-117.6604,78940
134,1988,Porsche,959,6,8,7,8,10,39,4,5,6,4,7,26,65,35:21,Newport Beach,California,Germany,Newport Beach,California,33.6151,-117.8668,84304
135,2013,Mercedes-Benz,SLS AMG Black Series,8,8,9,9,8,42,5,4,7,2,5,23,65,20:43,Upland,California,Germany,Upland,California,34.1178,-117.6604,78940
136,2016,Porsche,911R,7,8,9,9,8,41,6,4,9,2,3,24,65,15:37,Birmingham,Michigan,Germany,Birmingham,Michigan,42.5446,-83.2166,21612
137,2008,Mercedes-Benz,CLK63 AMG Black Series,9,7,8,9,7,40,4,4,6,3,8,25,65,22:01,West Chester,Pennsylvania,Germany,West Chester,Pennsylvania,39.9601,-75.6058,19235
138,2019,Chevrolet,Corvette ZR1,6,10,8,8,7,39,6,3,6,3,8,26,65,25:20,Annapolis,Maryland,USA,Annapolis,Maryland,38.9706,-76.5047,40744
139,2017,Ford,Shelby GT350R,7,8,9,9,6,39,5,5,5,4,7,26,65,10:20,Gaithersburg,Maryland,USA,Gaithersburg,Maryland,39.1346,-77.2131,69225
140,2018,Dodge,Challenger SRT Demon,6,10,5,7,8,36,5,7,6,4,7,29,65,28:49,Irvine,California,USA,Irvine,California,33.6772,-117.7738,308160
141,2012,Mercedes-Benz,E63 AMG Wagon,6,7,6,6,6,31,6,6,7,8,7,34,65,22:02,Philadelphia,Pennsylvania,Germany,Philadelphia,Pennsylvania,40.0077,-75.1339,5696588
142,2015,Rolls-Royce,Wraith,6,7,5,5,7,30,8,10,9,4,4,35,65,18:27,Lansdale,Pennsylvania,UK,Lansdale,Pennsylvania,40.2417,-75.2812,18865
143,2022,Mercedes-Benz,EQS 450+,6,4,5,4,6,25,9,9,8,6,7,39,64,38:54,San Diego,California,Germany,San Diego,California,32.8313,-117.1222,3057778
144,2021,Ford,F-150 Raptor,6,5,4,7,6,28,8,7,7,8,6,36,64,30:49,San Diego,California,USA,San Diego,California,32.8313,-117.1222,3057778
145,2013,Mercedes - Benz,SLS Roadster,7,8,8,9,7,39,5,4,7,2,7,25,64,22:06,Carlsbad,California,Germany,Carlsbad,California,33.1246,-117.2834,114500
146,2015,McLaren,P1 GTR,8,10,10,10,10,48,2,1,6,1,6,16,64,8:50,Newport Beach,California,UK,Newport Beach,California,33.6151,-117.8668,84304
147,2016,Tesla,Model X,5,6,5,5,6,27,9,7,4,10,7,37,64,11:55,Philadelphia,Pennsylvania,USA,Philadelphia,Pennsylvania,40.0077,-75.1339,5696588
148,2018,Chevrolet,Camaro ZL1 1LE,7,8,8,7,6,36,6,5,6,4,7,28,64,10:57,Upland,California,USA,Upland,California,34.1178,-117.6604,78940
149,2020,Dodge,Charger Hellcat Widebody,7,8,5,7,7,34,6,7,6,5,6,30,64,24:48,San Diego,California,USA,San Diego,California,32.8313,-117.1222,3057778
150,2020,Ford,Shelby GT500,7,9,8,8,6,38,6,5,5,3,7,26,64,28:13,Las Vegas,Nevada,USA,Las Vegas,Nevada,36.2333,-115.2654,2256509
151,2020,BMW,750i,6,8,5,5,5,29,8,8,8,5,6,35,64,23:46,Santa Ana,California,Germany,Santa Ana,California,33.7367,-117.8819,311639
152,2007,Ferrari,F430 Spider,8,8,8,8,7,39,4,4,7,2,8,25,64,12:31,Upland,California,Italy,Upland,California,34.1178,-117.6604,78940
153,2018,BMW,M3 CS,6,8,7,7,6,34,6,6,7,5,6,30,64,9:10,Santa Ana,California,Germany,Santa Ana,California,33.7367,-117.8819,311639
154,2003,Aston Martin,Vanquish,10,7,6,8,7,38,4,5,6,3,8,26,64,23:14,Summit,New Jersey,UK,Summit,New Jersey,40.7154,-74.3647,22512
155,2011,BMW,1 Series M,6,6,8,9,7,36,5,6,6,4,7,28,64,11:02,Montvale,New Jersey,Germany,Montvale,New Jersey,41.0529,-74.0499,8625
156,2017,Ferrari,GTC4Lusso,5,9,7,7,7,35,6,6,8,5,4,29,64,18:24,Philadelphia,Pennsylvania,Italy,Philadelphia,Pennsylvania,40.0077,-75.1339,5696588
157,2018,Audi,RS3,7,8,6,7,5,33,6,6,7,5,7,31,64,24:30,Baltimore,Maryland,Germany,Baltimore,Maryland,39.3051,-76.6144,2189589
158,2020,Land Rover,Defender P400,6,5,4,6,6,27,8,7,6,9,7,37,64,36:22,Carlsbad,California,UK,Carlsbad,California,33.1246,-117.2834,114500
159,2019,Mercedes-Benz,G550,7,4,4,5,6,26,8,8,7,9,6,38,64,27:39,Newport Beach,California,Germany,Newport Beach,California,33.6151,-117.8668,84304
160,2020,Chevrolet,Corvette C8,6,10,8,8,6,38,7,4,6,2,7,26,64,37:47,Las Vegas,Nevada,USA,Las Vegas,Nevada,36.2333,-115.2654,2256509
161,2022,Kia,EV6 GT-Line,6,5,5,5,5,26,8,7,7,9,6,37,63,26:32,San Diego,California,South Korea,San Diego,California,32.8313,-117.1222,3057778
162,2021,Mercedes - Benz,E450 AT Wagon,6,6,5,4,4,25,9,8,8,8,5,38,63,26:35,San Diego,California,Germany,San Diego,California,32.8313,-117.1222,3057778
163,2020,Volvo,V60 Polestar,7,7,5,4,5,28,8,7,7,8,5,35,63,12:55,San Diego,California,Sweden,San Diego,California,32.8313,-117.1222,3057778
164,2021,Jaguar,F-Type R,7,9,7,7,6,36,6,6,7,2,6,27,63,22:58,San Diego,California,UK,San Diego,California,32.8313,-117.1222,3057778
165,2003,Porsche,996 GT2,7,8,8,9,7,39,3,4,7,3,7,24,63,13:47,Upland,California,Germany,Upland,California,34.1178,-117.6604,78940
166,2006,Lamborghini,Murcielago Roadster,8,8,7,9,9,41,4,3,6,2,7,22,63,23:08,Boerne,Texas,Italy,Boerne,Texas,29.7847,-98.7292,19509
167,2019,Mercedes-Benz,CLS450,7,6,6,6,5,30,8,7,7,5,6,33,63,21:32,Newport Beach,California,Germany,Newport Beach,California,33.6151,-117.8668,84304
168,2018,Volkswagen,Golf R,6,6,6,6,5,29,6,6,7,8,7,34,63,23:08,San Diego,California,Germany,San Diego,California,32.8313,-117.1222,3057778
169,2017,Alfa Romeo,Giulia Quadrifoglio,7,8,6,7,6,34,6,6,6,5,6,29,63,12:00,Bethesda,Maryland,Italy,Bethesda,Maryland,38.9866,-77.1188,67403
170,2008,Lamborghini,Murcielago LP640,8,9,7,9,9,42,4,3,6,2,6,21,63,11:43,Alpharetta,Georgia,Italy,Alpharetta,Georgia,34.0704,-84.2738,66355
171,2017,Ford,Focus RS,6,7,6,7,6,32,6,5,6,7,7,31,63,6:23,Scarsdale,New York,USA,Scarsdale,New York,40.9902,-73.7773,18005
172,2009,Ferrari,430 Scuderia,8,9,9,9,8,43,2,2,7,2,7,20,63,17:57,Birmingham,Michigan,Italy,Birmingham,Michigan,42.5446,-83.2166,21612
173,2006,Mercedes-Benz,SLR,7,9,6,8,9,39,4,6,6,3,5,24,63,16:30,Franklin,Tennessee,Germany,Franklin,Tennessee,35.92,-86.8516,85575
174,2017,Chevrolet,Camaro ZL1,6,9,7,7,6,35,6,5,6,4,7,28,63,18:23,Highlands,New Jersey,USA,Highlands,New Jersey,40.4036,-73.9898,4575
175,2023,Nissan,Z,7,8,7,7,6,35,6,5,6,3,7,27,62,33:24,San Diego,California,Japan,San Diego,California,32.8313,-117.1222,3057778
176,2021,Toyota,Supra 3.0,6,8,7,6,6,33,7,5,7,3,7,29,62,13:47,San Diego,California,Japan,San Diego,California,32.8313,-117.1222,3057778
177,2004,Rolls-Royce,Phantom,6,4,4,6,7,27,7,10,8,5,5,35,62,27:47,Los Angeles,California,UK,Los Angeles,California,34.1141,-118.4068,11885717
178,2022,Jeep,Wrangler 392,6,7,4,9,6,32,6,5,6,7,6,30,62,16:25,San Diego,California,USA,San Diego,California,32.8313,-117.1222,3057778
179,2021,Polestar,2,7,6,5,5,5,28,9,7,8,5,5,34,62,25:12,San Diego,California,Sweden,San Diego,California,32.8313,-117.1222,3057778
180,2015,BAC,Mono,7,10,10,10,9,46,1,1,7,1,6,16,62,30:10,San Diego,California,UK,San Diego,California,32.8313,-117.1222,3057778
181,2020,Lotus,Evora GT,7,8,8,7,7,37,5,5,7,3,5,25,62,11:05,Upland,California,UK,Upland,California,34.1178,-117.6604,78940
182,2020,Lincoln,Aviator BL,7,4,4,4,5,24,8,7,8,9,6,38,62,27:10,Santa Ana,California,USA,Santa Ana,California,33.7367,-117.8819,311639
183,2020,BMW,M340i,6,7,6,5,4,28,8,7,7,5,7,34,62,9:20,Santa Ana,California,Germany,Santa Ana,California,33.7367,-117.8819,311639
184,2013,Rolls-Royce,Phantom Drophead Coupe,6,4,5,6,7,28,7,10,8,4,5,34,62,28:44,Upland,California,UK,Upland,California,34.1178,-117.6604,78940
185,2019,Audi,Q8,7,4,5,5,5,26,9,7,7,8,5,36,62,24:26,Santa Ana,California,Germany,Santa Ana,California,33.7367,-117.8819,311639
186,2011,Porsche,911 GT3RS 4.0,7,8,8,9,8,40,3,3,8,2,6,22,62,20:53,San Francisco,California,Germany,San Francisco,California,37.7558,-122.4449,3364862
187,2019,BMW,i8 Roadster,7,7,7,6,7,34,7,6,7,2,6,28,62,23:12,Santa Ana,California,Germany,Santa Ana,California,33.7367,-117.8819,311639
188,2019,Audi,A8L,6,4,5,4,5,24,9,9,8,5,7,38,62,,Santa Ana,California,Germany,Santa Ana,California,33.7367,-117.8819,311639
189,2019,Lexus,RC-F,6,7,6,6,5,30,7,7,9,4,5,32,62,21:25,Los Angeles,California,Japan,Los Angeles,California,34.1141,-118.4068,11885717
190,2009,Mercedes-Benz,SL65 AMG Black Series,8,8,7,8,8,39,4,4,6,3,6,23,62,25:28,Fort Worth,Texas,Germany,Fort Worth,Texas,32.7817,-97.3474,941311
191,1999,Nissan,Skyline GT-R (R34),6,7,7,8,9,37,4,5,6,4,6,25,62,26:40,Burbank,California,Japan,Burbank,California,34.1879,-118.3235,105165
192,2017,Chevrolet,Corvette Z06,6,9,8,7,6,36,6,3,6,3,8,26,62,22:29,Marana,Arizona,USA,Marana,Arizona,32.4355,-111.1558,54487
193,2018,Kia,Stinger GT,7,6,6,5,4,28,6,7,6,7,8,34,62,24:03,Cerritos,California,South Korea,Cerritos,California,33.8678,-118.0686,48340
194,2022,BMW,M240i,6,8,6,6,5,31,7,6,7,4,6,30,61,24:05,San Diego,California,Germany,San Diego,California,32.8313,-117.1222,3057778
195,2022,Volkswagen,Golf R,6,6,6,7,5,30,6,6,6,7,6,31,61,22:42,San Diego,California,Germany,San Diego,California,32.8313,-117.1222,3057778
196,2022,Jeep,Grand Wagoneer,5,4,4,3,5,21,9,8,8,9,6,40,61,36:24,San Diego,California,USA,San Diego,California,32.8313,-117.1222,3057778
197,2006,Ferrari,612 Scaglietti,5,7,7,7,7,33,4,5,7,4,8,28,61,23:32,Los Angeles,California,Italy,Los Angeles,California,34.1141,-118.4068,11885717
198,2019,BMW,X7,6,4,4,3,4,21,9,8,8,9,6,40,61,27:11,Santa Ana,California,Germany,Santa Ana,California,33.7367,-117.8819,311639
199,2021,Genesis,G80 3.5T,7,6,5,4,4,26,8,8,8,5,6,35,61,27:25,San Diego,California,South Korea,San Diego,California,32.8313,-117.1222,3057778
200,2019,BMW,X5,6,5,5,5,4,25,8,7,7,8,6,36,61,9:26,Santa Ana,California,Germany,Santa Ana,California,33.7367,-117.8819,311639
201,2019,Audi,E-Tron,6,4,4,5,5,24,9,7,7,8,6,37,61,24:08,Santa Ana,California,Germany,Santa Ana,California,33.7367,-117.8819,311639
202,2018,Land Rover,Range Rover Supercharged,7,6,4,3,5,25,8,8,6,9,5,36,61,23:10,Fort Worth,Texas,UK,Fort Worth,Texas,32.7817,-97.3474,941311
203,2019,Porsche,Macan S,5,5,6,6,5,27,7,7,7,7,6,34,61,23:24,Long Beach,California,Germany,Long Beach,California,33.7977,-118.167,458491
204,2011,Ferrari,California,6,8,7,8,6,35,4,5,7,3,7,26,61,13:35,Upland,California,Italy,Upland,California,34.1178,-117.6604,78940
205,2019,Lotus,Evora 400,7,7,8,7,7,36,5,5,7,3,5,25,61,12:06,Upland,California,UK,Upland,California,34.1178,-117.6604,78940
206,2020,Mercedes-Benz,GLE450,5,5,5,4,4,23,9,7,7,9,6,38,61,23:25,Newport Beach,California,Germany,Newport Beach,California,33.6151,-117.8668,84304
207,2013,Ford,Raptor,7,4,3,6,6,26,5,6,6,8,10,35,61,24:39,Sacramento,California,USA,Sacramento,California,38.5677,-121.4685,1962998
208,2005,Bentley,Continental GT,7,6,6,6,6,31,4,8,7,4,7,30,61,27:15,Rancho Santa Fe,California,UK,Rancho Santa Fe,California,33.024,-117.1992,2574
209,2018,Ford,Mustang GT,6,8,7,7,5,33,6,5,6,4,7,28,61,23:46,Philadelphia,Pennsylvania,USA,Philadelphia,Pennsylvania,40.0077,-75.1339,5696588
210,2001,Lamborghini,Diablo 6.0,9,9,7,8,9,42,3,3,4,2,7,19,61,16:31,Lansdale,Pennsylvania,Italy,Lansdale,Pennsylvania,40.2417,-75.2812,18865
211,2000,BMW,Z8,10,7,6,7,7,37,3,5,7,2,7,24,61,26:35,Fairfax,Virginia,Germany,Fairfax,Virginia,38.8531,-77.2997,24478
212,2017,Chevrolet,SS,6,6,6,6,5,29,6,6,6,5,9,32,61,22:26,Fort Lee,New Jersey,USA,Fort Lee,New Jersey,40.8509,-73.9713,39818
213,2021,BMW,M440i,5,7,6,6,5,29,7,7,7,4,6,31,60,23:12,Santa Ana,California,Germany,Santa Ana,California,33.7367,-117.8819,311639
214,2022,Lexus,IS 500,5,7,5,5,5,27,7,7,8,5,6,33,60,23:50,San Diego,California,Japan,San Diego,California,32.8313,-117.1222,3057778
215,2021,Genesis,GV70,6,6,4,4,4,24,8,7,7,7,7,36,60,27:12,Irvine,California,South Korea,Irvine,California,33.6772,-117.7738,308160
216,2019,Genesis,G70 3.3T,5,7,6,5,4,27,7,7,7,5,7,33,60,22:45,San Diego,California,South Korea,San Diego,California,32.8313,-117.1222,3057778
217,1995,Ferrari,F50,7,8,9,10,10,44,2,2,5,1,6,16,60,35:00,Los Angeles,California,Italy,Los Angeles,California,34.1141,-118.4068,11885717
218,2002,Porsche,911 Turbo (996),6,8,7,7,6,34,4,5,6,3,8,26,60,23:52,San Diego,California,Germany,San Diego,California,32.8313,-117.1222,3057778
219,2011,Aston Martin,Rapide,8,6,6,6,6,32,5,6,6,5,6,28,60,23:19,San Diego,California,UK,San Diego,California,32.8313,-117.1222,3057778
220,2020,McLaren,570S GT4 Race Car,7,9,10,10,8,44,3,2,5,1,5,16,60,23:33,Los Angeles,California,UK,Los Angeles,California,34.1141,-118.4068,11885717
221,2012,Porsche,Panamera V6,4,5,6,5,6,26,6,7,8,5,8,34,60,22:09,Upland,California,Germany,Upland,California,34.1178,-117.6604,78940
222,2020,Lexus,GS-F,6,7,5,6,5,29,7,7,8,5,4,31,60,23:40,San Diego,California,Japan,San Diego,California,32.8313,-117.1222,3057778
223,2020,Genesis,G90 Ultimate,6,5,5,4,4,24,8,8,8,5,7,36,60,27:27,Annapolis,Maryland,South Korea,Annapolis,Maryland,38.9706,-76.5047,40744
224,2020,Mercedes-Benz,GLS450,6,4,4,3,4,21,9,8,7,9,6,39,60,27:34,Newport Beach,California,Germany,Newport Beach,California,33.6151,-117.8668,84304
225,2018,Cadillac,CT6,6,4,5,4,4,23,9,8,8,5,7,37,60,23:47,Tustin,California,USA,Tustin,California,33.7311,-117.8107,79035
226,2000,BMW,M5 (E39),7,6,6,6,7,32,4,6,7,5,6,28,60,23:44,San Diego,California,Germany,San Diego,California,32.8313,-117.1222,3057778
227,2011,Porsche,997 911 Speedster,7,7,7,7,7,35,4,6,8,2,5,25,60,11:29,Upland,California,Germany,Upland,California,34.1178,-117.6604,78940
228,1990,Ferrari,F40,10,8,9,10,10,47,1,1,3,1,7,13,60,26:44,Philadelphia,Pennsylvania,Italy,Philadelphia,Pennsylvania,40.0077,-75.1339,5696588
229,2022,Chevrolet,Silverado ZR2,5,4,3,6,5,23,8,7,8,8,5,36,59,24:56,Palm Desert,California,USA,Palm Desert,California,33.7378,-116.3695,51551
230,2022,Toyota,Tundra TRD Pro,6,3,2,6,6,23,7,7,8,8,6,36,59,26:40,San Diego,California,USA,San Diego,California,32.8313,-117.1222,3057778
231,2021,Cadillac,Escalade Platinum,5,3,3,3,6,20,9,8,7,9,6,39,59,32:54,San Diego,California,USA,San Diego,California,32.8313,-117.1222,3057778
232,2018,Lincoln,Navigator L Black Label,6,3,3,3,5,20,8,8,8,9,6,39,59,26:37,Newport Beach,California,USA,Newport Beach,California,33.6151,-117.8668,84304
233,2021,Acura,TLX Type S,6,7,5,4,4,26,8,7,7,5,6,33,59,25:56,San Diego,California,Japan,San Diego,California,32.8313,-117.1222,3057778
234,2014,BMW,M6,6,8,5,6,5,30,6,6,6,4,7,29,59,23:41,San Diego,California,Germany,San Diego,California,32.8313,-117.1222,3057778
235,2021,Audi,SQ5,6,6,5,4,4,25,7,7,7,7,6,34,59,20:20,San Diego,California,Germany,San Diego,California,32.8313,-117.1222,3057778
236,2021,Audi,E-Tron Sportback,6,4,4,5,5,24,9,7,7,7,5,35,59,13:02,Costa Mesa,California,Germany,Costa Mesa,California,33.6667,-117.9135,110538
237,2020,Audi,Q7 3.0T,6,4,4,3,4,21,9,7,7,9,6,38,59,11:55,Santa Ana,California,Germany,Santa Ana,California,33.7367,-117.8819,311639
238,2015,Mercedes-Benz,G63 AMG 6x6,7,3,3,8,10,31,6,6,7,5,4,28,59,33:06,Costa Mesa,California,Germany,Costa Mesa,California,33.6667,-117.9135,110538
239,2017,Tesla,Model 3,5,5,5,4,5,24,9,7,6,6,7,35,59,32:19,San Jose,California,USA,San Jose,California,37.3012,-121.848,1771563
240,2004,Mercedes-Benz,CLK DTM,7,8,8,8,7,38,3,3,7,3,5,21,59,27:23,Irvine,California,Germany,Irvine,California,33.6772,-117.7738,308160
241,1996,BMW,850CSi,8,4,5,7,7,31,4,7,6,4,7,28,59,25:49,Morristown,New Jersey,Germany,Morristown,New Jersey,40.7967,-74.4772,20256
242,2017,Genesis,G90,5,5,5,4,4,23,8,8,8,5,7,36,59,27:28,Annapolis,Maryland,South Korea,Annapolis,Maryland,38.9706,-76.5047,40744
243,2021,Ford,Bronco,6,1,4,8,7,26,6,5,6,8,7,32,58,39:49,San Diego,California,USA,San Diego,California,32.8313,-117.1222,3057778
244,2010,Jeep,Grand Cherokee SRT8,5,6,5,7,6,29,4,5,4,8,8,29,58,25:38,San Diego,California,USA,San Diego,California,32.8313,-117.1222,3057778
245,1993,Bugatti,EB110,7,9,7,8,10,41,2,2,4,1,8,17,58,32:57,Los Angeles,California,France,Los Angeles,California,34.1141,-118.4068,11885717
246,2021,Genesis,GV80,7,3,4,3,4,21,7,7,8,8,7,37,58,24:48,San Diego,California,South Korea,San Diego,California,32.8313,-117.1222,3057778
247,2019,Lincoln,Continental Coach Door,6,5,4,4,5,24,8,8,8,5,5,34,58,24:08,Santa Ana,California,USA,Santa Ana,California,33.7367,-117.8819,311639
248,2004,Mercedes,E55 AMG,6,7,5,5,6,29,4,6,7,5,7,29,58,23:51,Tustin,California,Germany,Tustin,California,33.7311,-117.8107,79035
249,2019,Volvo,S60 Polestar,6,7,5,4,4,26,8,7,7,5,5,32,58,24:14,San Diego,California,Sweden,San Diego,California,32.8313,-117.1222,3057778
250,2008,Maserati,GranTurismo MC,6,6,7,7,6,32,4,6,6,4,6,26,58,21:49,Boerne,Texas,Italy,Boerne,Texas,29.7847,-98.7292,19509
251,2002,Bentley,Arnage T,6,5,4,5,6,26,4,9,7,5,7,32,58,24:30,Los Angeles,California,UK,Los Angeles,California,34.1141,-118.4068,11885717
252,2019,BMW,330i (G20),6,4,5,5,4,24,8,7,7,5,7,34,58,22:36,Santa Ana,California,Germany,Santa Ana,California,33.7367,-117.8819,311639
253,2019,Kia,K900,5,4,5,4,4,22,8,8,8,5,7,36,58,22:21,San Diego,California,South Korea,San Diego,California,32.8313,-117.1222,3057778
254,2018,Mercedes-Benz,SL450,6,6,6,6,5,29,8,7,7,3,4,29,58,22:49,Los Angeles,California,Germany,Los Angeles,California,34.1141,-118.4068,11885717
255,2018,Lincoln,Continental,6,5,4,4,4,23,8,8,8,5,6,35,58,20:24,Santa Ana,California,USA,Santa Ana,California,33.7367,-117.8819,311639
256,2003,Porsche,911 Carrera 4S,6,6,7,7,5,31,4,5,5,3,10,27,58,12:46,Nashville,Tennessee,Germany,Nashville,Tennessee,36.1715,-86.7842,1178679
257,1993,Lancia,Delta Integrale Evo 2,7,5,7,7,8,34,3,5,4,6,6,24,58,24:27,Baltimore,Maryland,Italy,Baltimore,Maryland,39.3051,-76.6144,2189589
258,2019,Hyundai,Veloster N,6,4,6,6,5,27,6,6,6,6,7,31,58,21:17,Willows,California,South Korea,Willows,California,39.5149,-122.1995,6239
259,2022,Lexus,LX 600,5,2,3,4,4,18,8,8,9,9,5,39,57,29:46,San Diego,California,Japan,San Diego,California,32.8313,-117.1222,3057778
260,2022,Volkswagen,GTI,6,3,6,6,5,26,6,6,6,7,6,31,57,24:40,San Diego,California,Germany,San Diego,California,32.8313,-117.1222,3057778
261,2007,Mercedes-Benz,R63 AMG,4,6,5,4,6,25,5,7,6,9,5,32,57,17:43,Philadelphia,Pennsylvania,Germany,Philadelphia,Pennsylvania,40.0077,-75.1339,5696588
262,2022,Subaru,WRX,5,4,7,6,5,27,6,6,6,5,7,30,57,28:44,Napa,California,Japan,Napa,California,38.2975,-122.301,81643
263,1994,Audi,RS2 Avant,7,6,5,5,7,30,3,5,5,7,7,27,57,34:31,San Diego,California,Germany,San Diego,California,32.8313,-117.1222,3057778
264,2020,Jeep,Gladiator Mojave,6,1,3,8,6,24,6,5,6,8,8,33,57,13:10,San Diego,California,USA,San Diego,California,32.8313,-117.1222,3057778
265,2016,Mercedes-Benz,CLA45,6,6,6,6,5,29,5,5,7,5,6,28,57,21:10,Denver,Colorado,Germany,Denver,Colorado,39.762,-104.8758,2691349
266,2018,Subaru,WRX STI Type RA,6,4,7,6,6,29,6,6,6,5,5,28,57,24:36,Los Angeles,California,Japan,Los Angeles,California,34.1141,-118.4068,11885717
267,2013,BMW,M3 E92 Competition,6,7,6,7,5,31,5,5,5,4,7,26,57,24:35,Newport Beach,California,Germany,Newport Beach,California,33.6151,-117.8668,84304
268,2003,Audi,RS6,7,7,6,6,6,32,4,6,4,5,6,25,57,23:49,Philadelphia,Pennsylvania,Germany,Philadelphia,Pennsylvania,40.0077,-75.1339,5696588
269,2016,Ariel,Atom 3,6,10,10,8,8,42,1,1,6,1,6,15,57,22:10,Upland,California,UK,Upland,California,34.1178,-117.6604,78940
270,2002,Chevrolet,Corvette Z06 C5,5,8,7,7,6,33,3,3,6,2,10,24,57,24:25,Los Angeles,California,USA,Los Angeles,California,34.1141,-118.4068,11885717
271,2018,Toyota,Land Cruiser,5,2,3,5,5,20,7,7,8,9,6,37,57,24:28,San Diego,California,Japan,San Diego,California,32.8313,-117.1222,3057778
272,1994,Toyota,Supra Turbo,8,6,6,6,7,33,2,5,7,3,7,24,57,23:52,Irvine,California,Japan,Irvine,California,33.6772,-117.7738,308160
273,2019,Volvo,XC40 T5,7,3,4,3,4,21,8,7,7,7,7,36,57,24:16,Escondido,California,Sweden,Escondido,California,33.1348,-117.0723,149913
274,2005,Spyker,C8 Spyder,7,7,6,7,7,34,3,3,8,2,7,23,57,27:35,Carlsbad,California,Netherlands,Carlsbad,California,33.1246,-117.2834,114500
275,2015,Alfa Romeo,4C Spider,6,7,8,8,6,35,4,3,6,2,6,21,56,25:50,Los Angeles,California,Italy,Los Angeles,California,34.1141,-118.4068,11885717
276,2009,Porsche,Cayenne GTS 6M,6,3,5,6,5,25,5,6,6,8,6,31,56,24:42,San Diego,California,Germany,San Diego,California,32.8313,-117.1222,3057778
277,2022,Hyundai,Elantra N,6,5,6,6,4,27,6,6,6,5,6,29,56,28:49,San Diego,California,South Korea,San Diego,California,32.8313,-117.1222,3057778
278,2022,Toyota,GR86,6,4,8,7,5,30,5,5,6,3,7,26,56,16:44,San Diego,California,Japan,San Diego,California,32.8313,-117.1222,3057778
279,2022,Toyota,Land Cruiser V6 TT,6,3,3,5,5,22,5,7,8,8,6,34,56,26:53,Chantilly,Virginia,Japan,Chantilly,Virginia,38.8868,-77.4453,23744
280,2022,Subaru,BRZ Limited,6,4,8,7,5,30,5,5,6,3,7,26,56,22:34,San Diego,California,Japan,San Diego,California,32.8313,-117.1222,3057778
281,2020,Ford,Explorer ST,5,5,4,3,3,20,7,7,7,9,6,36,56,24:36,Vista,California,USA,Vista,California,33.1896,-117.2386,98646
282,2021,Jeep,Grand Cherokee L V8,6,2,3,3,4,18,8,7,7,9,7,38,56,26:45,San Diego,California,USA,San Diego,California,32.8313,-117.1222,3057778
283,2020,Jeep,Gladiator,6,1,3,8,6,24,6,5,6,8,7,32,56,32:10,Sacramento,California,USA,Sacramento,California,38.5677,-121.4685,1962998
284,2012,Jaguar,XKR-S,7,7,6,6,6,32,4,5,6,3,6,24,56,21:31,San Diego,California,UK,San Diego,California,32.8313,-117.1222,3057778
285,2008,Tesla,Roadster,7,8,6,7,7,35,3,3,5,2,8,21,56,29:21,Los Angeles,California,USA,Los Angeles,California,34.1141,-118.4068,11885717
286,2008,Audi,S6 V10,6,6,5,5,6,28,5,6,6,5,6,28,56,21:54,San Diego,California,Germany,San Diego,California,32.8313,-117.1222,3057778
287,2013,Ford,Focus ST,6,3,6,6,5,26,5,5,5,7,8,30,56,22:27,San Diego,California,USA,San Diego,California,32.8313,-117.1222,3057778
288,2006,Maybach,62,4,5,3,4,7,23,7,8,7,5,6,33,56,32:48,Los Angeles,California,Germany,Los Angeles,California,34.1141,-118.4068,11885717
289,1994,Honda,NSX,7,4,8,8,7,34,2,4,7,2,7,22,56,25:13,Cypress,California,Japan,Cypress,California,33.8171,-118.0386,49531
290,2002,Aston Martin,DB7 V12 Volante,7,6,6,6,7,32,3,5,6,3,7,24,56,28:02,San Diego,California,UK,San Diego,California,32.8313,-117.1222,3057778
291,2020,Cadillac,CT5-V,5,6,5,5,4,25,7,7,6,5,6,31,56,24:45,San Diego,California,USA,San Diego,California,32.8313,-117.1222,3057778
292,2021,Mini,Cooper JCW GP,5,6,6,6,6,29,6,5,7,4,5,27,56,25:05,Santa Ana,California,UK,Santa Ana,California,33.7367,-117.8819,311639
293,2017,Land Rover,Range Rover Limo,6,1,3,4,6,20,8,9,6,8,5,36,56,22:48,Costa Mesa,California,UK,Costa Mesa,California,33.6667,-117.9135,110538
294,1997,Lamborghini,Diablo VT Roadster,9,7,6,8,9,39,2,3,3,2,7,17,56,28:53,Upland,California,Italy,Upland,California,34.1178,-117.6604,78940
295,2019,Volkswagen,Arteon,7,4,4,3,4,22,8,7,7,7,5,34,56,22:46,Santa Ana,California,Germany,Santa Ana,California,33.7367,-117.8819,311639
296,2019,BMW,Z4 sDrive30i,7,5,6,6,5,29,7,5,7,2,6,27,56,21:21,Santa Ana,California,Germany,Santa Ana,California,33.7367,-117.8819,311639
297,2002,Acura,NSX,7,6,8,8,7,36,2,3,7,2,6,20,56,10:32,Philadelphia,Pennsylvania,Japan,Philadelphia,Pennsylvania,40.0077,-75.1339,5696588
298,2018,Jeep,Wrangler Unlimited,6,2,4,8,5,25,5,5,6,8,7,31,56,29:41,Marana,Arizona,USA,Marana,Arizona,32.4355,-111.1558,54487
299,2006,Jaguar,XJ Super V8,6,5,4,5,5,25,5,8,6,5,6,30,55,24:43,Corona,California,UK,Corona,California,33.8616,-117.5649,158839
300,2008,Honda,S2000 CR,7,4,8,8,6,33,3,4,7,2,6,22,55,26:28,San Diego,California,Japan,San Diego,California,32.8313,-117.1222,3057778
301,2004,Honda,S2000,7,4,8,8,5,32,3,4,7,2,7,23,55,15:19,Shakopee,Minnesota,Japan,Shakopee,Minnesota,44.7745,-93.4772,45002
302,2021,Ford,Bronco Sport,6,3,3,4,6,22,7,6,6,7,7,33,55,27:22,San Diego,California,USA,San Diego,California,32.8313,-117.1222,3057778
303,2021,Lexus,IS350 F-Sport,5,4,5,4,4,22,7,7,8,5,6,33,55,13:06,San Diego,California,Japan,San Diego,California,32.8313,-117.1222,3057778
304,2014,Mitsubishi,Evolution X,6,6,6,6,5,29,4,5,5,5,7,26,55,23:43,Los Angeles,California,Japan,Los Angeles,California,34.1141,-118.4068,11885717
305,2004,Maserati,Coupe (6-Speed),7,5,6,6,6,30,3,6,5,4,7,25,55,21:48,San Diego,California,Italy,San Diego,California,32.8313,-117.1222,3057778
306,2018,Infiniti,Q50 Red Sport 400,5,7,5,5,3,25,6,7,6,5,6,30,55,21:09,San Diego,California,Japan,San Diego,California,32.8313,-117.1222,3057778
307,2017,Nissan,370Z Nismo,6,5,7,6,6,30,5,5,7,3,5,25,55,22:08,Jacksonville,Florida,Japan,Jacksonville,Florida,30.3322,-81.6749,1303156
308,2010,Lexus,LS 600hL,4,4,3,3,4,18,6,9,9,5,8,37,55,26:40,Yucaipa,California,Japan,Yucaipa,California,34.0336,-117.0429,54348
309,2018,Mercedes-Benz,AMG GLE63 Coupe,4,7,5,6,3,25,6,6,6,7,5,30,55,19:58,Irvine,California,Germany,Irvine,California,33.6772,-117.7738,308160
310,2019,Mazda,MX-5 Miata RF,7,4,8,7,5,31,5,5,6,2,6,24,55,23:30,San Diego,California,Japan,San Diego,California,32.8313,-117.1222,3057778
311,2015,Fiat,500 Abarth,7,2,6,8,5,28,4,4,5,4,10,27,55,21:55,Newport Beach,California,Italy,Newport Beach,California,33.6151,-117.8668,84304
312,2017,Volvo,XC90 Excellence,7,4,4,3,4,22,8,8,8,6,3,33,55,20:47,Bethesda,Maryland,Sweden,Bethesda,Maryland,38.9866,-77.1188,67403
313,1996,BMW,M3 Coupe (Euro),6,5,6,6,6,29,3,5,6,4,7,25,54,23:53,New Canaan,Connecticut,Germany,New Canaan,Connecticut,41.142,-73.4905,7032
314,2023,Subaru,Solterra Touring,5,2,3,3,4,17,8,6,7,9,7,37,54,24:37,San Diego,California,Japan,San Diego,California,32.8313,-117.1222,3057778
315,2004,Ford,Mustang Cobra Convertible,6,6,5,7,6,30,3,5,5,4,7,24,54,24:40,Phoenix,Arizona,USA,Phoenix,Arizona,33.5722,-112.0892,4065338
316,2019,Lexus,LX570,3,2,3,4,4,16,7,8,9,9,5,38,54,26:23,San Diego,California,Japan,San Diego,California,32.8313,-117.1222,3057778
317,1954,Mercedes-Benz,300SL Gullwing,10,1,5,6,10,32,1,5,7,2,7,22,54,35:18,Long Beach,California,Germany,Long Beach,California,33.7977,-118.167,458491
318,2007,Mercedes-Benz,SLK55 AMG,6,7,6,6,5,30,4,5,6,2,7,24,54,22:15,San Diego,California,Germany,San Diego,California,32.8313,-117.1222,3057778
319,1998,Subaru,Impreza 22B,6,6,6,6,8,32,2,5,5,4,6,22,54,24:09,San Diego,California,Japan,San Diego,California,32.8313,-117.1222,3057778
320,2009,Bentley,Brooklands,6,5,4,5,6,26,4,9,6,4,5,28,54,24:35,San Diego,California,UK,San Diego,California,32.8313,-117.1222,3057778
321,2020,Lincoln,Corsair,6,3,4,2,3,18,8,7,7,7,7,36,54,24:55,San Diego,California,USA,San Diego,California,32.8313,-117.1222,3057778
322,2017,Jaguar,F-Pace S,6,5,5,3,4,23,6,7,6,7,5,31,54,17:15,Nashville,Tennessee,UK,Nashville,Tennessee,36.1715,-86.7842,1178679
323,2004,Subaru,Impreza WRX STI,6,5,6,6,6,29,3,5,5,5,7,25,54,26:34,San Diego,California,Japan,San Diego,California,32.8313,-117.1222,3057778
324,2002,Mercedes-Benz,SL500,7,4,5,5,5,26,4,6,8,3,7,28,54,23:36,San Diego,California,Germany,San Diego,California,32.8313,-117.1222,3057778
325,2012,Hyundai,Equus Ultimate,5,4,3,3,3,18,6,8,7,5,10,36,54,25:51,Middleburg,Virginia,South Korea,Middleburg,Virginia,38.9715,-77.7429,793
326,2020,Land Rover,Range Rover Evoque,7,2,4,2,4,19,8,7,6,7,7,35,54,23:12,Carlsbad,California,UK,Carlsbad,California,33.1246,-117.2834,114500
327,1997,Porsche,911 Carrera RS (993),6,6,7,8,7,34,2,3,7,2,6,20,54,11:18,Irvine,California,Germany,Irvine,California,33.6772,-117.7738,308160
328,1994,Porsche,928 GTS,7,5,6,6,6,30,3,6,5,4,6,24,54,16:40,Birmingham,Michigan,Germany,Birmingham,Michigan,42.5446,-83.2166,21612
329,1999,Mitsubishi,3000GT VR-4,6,6,6,6,6,30,3,5,5,4,7,24,54,27:38,Allentown,Pennsylvania,Japan,Allentown,Pennsylvania,40.5961,-75.4756,632175
330,2017,Mercedes-Benz,G65 AMG,7,5,2,6,6,26,6,6,5,9,2,28,54,26:21,Burbank,California,Germany,Burbank,California,34.1879,-118.3235,105165
331,2004,Volkswagen,Phaeton W12,5,4,4,4,6,23,5,8,6,5,7,31,54,27:44,Allentown,Pennsylvania,Germany,Allentown,Pennsylvania,40.5961,-75.4756,632175
332,2006,BMW,M5 (E60),6,7,6,6,6,31,4,5,3,5,6,23,54,22:34,Encinitas,California,Germany,Encinitas,California,33.0492,-117.261,61585
333,2004,Nissan,350Z Roadster,6,5,6,6,6,29,3,5,7,2,7,24,53,23:26,Los Angeles,California,Japan,Los Angeles,California,34.1141,-118.4068,11885717
334,2006,Mazda,RX-8 Shinka,6,4,7,6,6,29,3,5,4,5,7,24,53,25:37,San Diego,California,Japan,San Diego,California,32.8313,-117.1222,3057778
335,2020,Toyota,Avalon TRD,5,3,4,4,4,20,7,7,8,5,6,33,53,21:47,San Diego,California,Japan,San Diego,California,32.8313,-117.1222,3057778
336,2020,Mercedes-Benz,GLC300,5,3,4,2,3,17,8,7,7,7,7,36,53,9:34,Newport Beach,California,Germany,Newport Beach,California,33.6151,-117.8668,84304
337,2019,Mercedes-Benz,Modified Sprinter Van,2,1,2,5,5,15,8,9,7,9,5,38,53,23:12,Upland,California,Germany,Upland,California,34.1178,-117.6604,78940
338,2001,BMW,750iL,9,2,5,4,5,25,4,7,6,5,6,28,53,24:55,San Diego,California,Germany,San Diego,California,32.8313,-117.1222,3057778
339,2018,Toyota,4Runner TRD Pro,6,1,3,6,5,21,4,6,7,9,6,32,53,24:21,West Chester,Pennsylvania,Japan,West Chester,Pennsylvania,39.9601,-75.6058,19235
340,1989,Lamborghini,Countach,9,6,6,7,9,37,2,2,3,2,7,16,53,23:22,Doral,Florida,Italy,Doral,Florida,25.8152,-80.3565,76490
341,2017,Ford,Fiesta ST,6,2,6,6,5,25,4,5,5,6,8,28,53,22:26,Los Angeles,California,USA,Los Angeles,California,34.1141,-118.4068,11885717
342,2020,Mercedes - Benz,CLA 250,6,3,4,3,4,20,8,7,7,5,6,33,53,25:33,Newport Beach,California,Germany,Newport Beach,California,33.6151,-117.8668,84304
343,2017,Mercedes-Benz,G550 4x4 Squared,7,4,3,5,7,26,6,6,5,6,4,27,53,14:35,Fairfax,Virginia,Germany,Fairfax,Virginia,38.8531,-77.2997,24478
344,2008,Maybach,57S,4,6,4,4,6,24,5,9,6,5,4,29,53,21:29,Doral,Florida,Germany,Doral,Florida,25.8152,-80.3565,76490
345,2022,Lexus,NX350h,5,2,4,2,2,15,8,7,8,7,7,37,52,19:13,San Diego,California,Japan,San Diego,California,32.8313,-117.1222,3057778
346,2003,BMW,760Li,4,5,4,4,4,21,6,7,7,5,6,31,52,31:57,Madera,California,Germany,Madera,California,36.963,-120.0778,82510
347,2018,Subaru,BRZ tS,6,3,7,6,5,27,5,5,6,3,6,25,52,21:45,San Diego,California,Japan,San Diego,California,32.8313,-117.1222,3057778
348,2021,Mazda,CX-30 Turbo,6,4,4,4,3,21,6,6,6,7,6,31,52,12:56,San Diego,California,Japan,San Diego,California,32.8313,-117.1222,3057778
349,1992,Dodge,Viper RT/10,7,6,6,7,7,33,2,2,4,2,9,19,52,28:05,Los Angeles,California,USA,Los Angeles,California,34.1141,-118.4068,11885717
350,2007,Pontiac,Solstice GXP,6,5,7,7,5,30,3,4,6,2,7,22,52,22:21,San Diego,California,USA,San Diego,California,32.8313,-117.1222,3057778
351,1991,BMW,M5 (E34),7,3,5,5,6,26,3,5,6,5,7,26,52,26:27,San Diego,California,Germany,San Diego,California,32.8313,-117.1222,3057778
352,1992,Mercedes-Benz,500E,6,4,4,4,6,24,3,6,8,5,6,28,52,22:26,San Diego,California,Germany,San Diego,California,32.8313,-117.1222,3057778
353,2019,Mini,Countryman S JCW,6,3,5,3,4,21,6,6,7,7,5,31,52,22:14,Santa Ana,California,UK,Santa Ana,California,33.7367,-117.8819,311639
354,1994,Mazda,RX-7,10,6,6,6,6,34,2,3,4,3,6,18,52,16:32,Philadelphia,Pennsylvania,Japan,Philadelphia,Pennsylvania,40.0077,-75.1339,5696588
355,1997,Dodge,Viper GTS,7,7,6,7,6,33,2,3,4,3,7,19,52,9:39,Philadelphia,Pennsylvania,USA,Philadelphia,Pennsylvania,40.0077,-75.1339,5696588
356,2017,Fiat,124 Spider Abarth,6,3,7,6,5,27,5,5,6,2,7,25,52,16:25,Fairfax,Virginia,Italy,Fairfax,Virginia,38.8531,-77.2997,24478
357,2022,Kia,Carnival SX Prestige,5,1,3,1,1,11,8,7,7,10,8,40,51,23:57,San Diego,California,South Korea,San Diego,California,32.8313,-117.1222,3057778
358,2021,Mazda,Mazda3 Turbo Hatchback,4,4,5,4,3,20,6,5,7,6,7,31,51,13:55,San Diego,California,Japan,San Diego,California,32.8313,-117.1222,3057778
359,2020,Kia,Soul 1.6T,6,3,3,3,3,18,6,5,7,8,7,33,51,22:39,San Diego,California,South Korea,San Diego,California,32.8313,-117.1222,3057778
360,2021,Chevrolet,Tahoe High Country,5,3,3,1,3,15,7,7,7,9,6,36,51,27:44,Los Angeles,California,USA,Los Angeles,California,34.1141,-118.4068,11885717
361,1988,BMW,M3 (E30),7,2,6,6,7,28,3,4,6,4,6,23,51,23:45,San Diego,California,Germany,San Diego,California,32.8313,-117.1222,3057778
362,1997,Toyota,Century V12,4,1,3,4,6,18,6,8,8,5,6,33,51,26:09,Riverside,California,Japan,Riverside,California,33.9381,-117.3949,2288508
363,2018,Polaris,Slingshot,6,5,7,9,6,33,2,2,6,1,7,18,51,21:29,Upland,California,USA,Upland,California,34.1178,-117.6604,78940
364,2020,Mercedes-Benz,GLB250,5,2,4,2,3,16,6,7,7,8,7,35,51,22:43,Newport Beach,California,Germany,Newport Beach,California,33.6151,-117.8668,84304
365,2019,Audi,Q3,6,2,4,2,3,17,7,7,6,7,7,34,51,8:24,Newport Beach,California,Germany,Newport Beach,California,33.6151,-117.8668,84304
366,2019,Mercedes-Benz,A220,5,2,4,3,4,18,7,7,7,5,7,33,51,24:05,Newport Beach,California,Germany,Newport Beach,California,33.6151,-117.8668,84304
367,1990,Toyota,Century,4,1,2,4,6,17,5,8,8,5,8,34,51,28:15,Tustin,California,Japan,Tustin,California,33.7311,-117.8107,79035
368,2015,Maserati,Ghibli,6,5,6,4,5,26,5,6,5,5,4,25,51,14:10,Franklin,Tennessee,Italy,Franklin,Tennessee,35.92,-86.8516,85575
369,1993,Mazda,NA Miata,6,1,8,8,5,28,2,3,6,2,10,23,51,22:06,Devon,Pennsylvania,Japan,Devon,Pennsylvania,40.0496,-75.4272,1623
370,1994,TVR,Chimaera 400 HC,6,6,6,7,7,32,2,3,4,2,7,18,50,26:47,Los Angeles,California,UK,Los Angeles,California,34.1141,-118.4068,11885717
371,2004,Volvo,S60 R,6,4,5,5,5,25,4,5,5,5,6,25,50,25:31,Chantilly,Virginia,Sweden,Chantilly,Virginia,38.8868,-77.4453,23744
372,2020,Kia,Telluride EX,6,1,3,1,2,13,7,7,7,9,7,37,50,22:50,Covina,California,South Korea,Covina,California,34.0903,-117.8818,50143
373,2021,Toyota,RAV4 Prime,5,4,3,3,1,16,6,6,7,8,7,34,50,22:56,San Diego,California,Japan,San Diego,California,32.8313,-117.1222,3057778
374,2021,Volkswagen,ID.4,5,1,3,2,4,15,8,6,6,8,7,35,50,28:50,San Diego,California,Germany,San Diego,California,32.8313,-117.1222,3057778
375,2018,Porsche,Cayenne Camera Car,3,1,5,4,8,21,7,6,7,2,7,29,50,26:53,Los Angeles,California,Germany,Los Angeles,California,34.1141,-118.4068,11885717
376,2021,Chrysler,Pacifica Pinnacle,5,1,3,1,1,11,8,7,6,10,8,39,50,25:23,San Diego,California,USA,San Diego,California,32.8313,-117.1222,3057778
377,2021,Toyota,Sienna Platinum,5,1,3,1,1,11,8,6,7,10,8,39,50,24:55,San Diego,California,USA,San Diego,California,32.8313,-117.1222,3057778
378,2020,GMC,Sierra Harley Davidson,5,4,2,2,4,17,7,7,6,8,5,33,50,14:27,Carlsbad,California,USA,Carlsbad,California,33.1246,-117.2834,114500
379,2019,Cadillac,XT4,6,1,4,2,3,16,7,7,6,7,7,34,50,10:32,Tustin,California,USA,Tustin,California,33.7311,-117.8107,79035
380,2004,Dodge,Ram SRT-10,5,6,3,6,6,26,3,5,6,4,6,24,50,24:40,Upland,California,USA,Upland,California,34.1178,-117.6604,78940
381,2019,GMC,Sierra Denali,5,4,2,1,4,16,7,7,6,8,6,34,50,19:22,Buena Park,California,USA,Buena Park,California,33.8572,-118.0046,83052
382,2015,Kia,K900,4,5,4,4,3,20,6,7,7,5,5,30,50,24:23,Fort Worth,Texas,South Korea,Fort Worth,Texas,32.7817,-97.3474,941311
383,2019,Toyota,Tacoma TRD Pro,6,1,3,5,5,20,5,5,7,6,7,30,50,20:46,El Cajon,California,Japan,El Cajon,California,32.8017,-116.9604,104909
384,2016,USSV,Rhino GX,5,1,2,6,7,21,6,5,6,7,4,28,49,28:26,Costa Mesa,California,USA,Costa Mesa,California,33.6667,-117.9135,110538
385,2020,Suzuki,Jimny,7,1,3,7,7,25,4,3,6,4,7,24,49,26:53,Los Angeles,California,Japan,Los Angeles,California,34.1141,-118.4068,11885717
386,2021,Toyota,Mirai,5,1,4,2,4,16,7,7,8,5,6,33,49,25:14,San Diego,California,Japan,San Diego,California,32.8313,-117.1222,3057778
387,2021,GMC,Yukon Denali Diesel,5,1,3,1,3,13,7,7,7,9,6,36,49,25:21,San Diego,California,USA,San Diego,California,32.8313,-117.1222,3057778
388,2021,Ford,F-150 King Ranch,5,3,2,1,3,14,7,7,6,8,7,35,49,25:50,San Diego,California,USA,San Diego,California,32.8313,-117.1222,3057778
389,2020,Toyota,Highlander Platinum,5,1,3,1,1,11,8,7,8,9,6,38,49,22:40,El Cajon,California,Japan,El Cajon,California,32.8017,-116.9604,104909
390,2020,Hyundai,Palisade Limited,5,1,3,1,1,11,7,7,7,9,8,38,49,25:15,San Diego,California,South Korea,San Diego,California,32.8313,-117.1222,3057778
391,2017,Honda,Odyssey Elite,5,1,3,1,1,11,8,6,7,9,8,38,49,25:28,Mission Viejo,California,USA,Mission Viejo,California,33.6096,-117.6551,634674
392,1997,Lexus,LX450 (Land Cruiser),6,1,3,4,5,19,3,4,7,8,8,30,49,26:54,Costa Mesa,California,Japan,Costa Mesa,California,33.6667,-117.9135,110538
393,2005,Dodge,Neon SRT-4,5,4,5,6,5,25,3,4,5,5,7,24,49,22:45,San Diego,California,USA,San Diego,California,32.8313,-117.1222,3057778
394,2001,Audi,TT Roadster,8,3,6,6,5,28,3,4,6,2,6,21,49,24:47,San Diego,California,Germany,San Diego,California,32.8313,-117.1222,3057778
395,2010,Toyota,FJ Cruiser,5,1,3,7,4,20,4,5,7,6,7,29,49,25:35,Huntington Beach,California,Japan,Huntington Beach,California,33.696,-118.0018,196010
396,2006,Hummer,H1 Alpha,6,1,2,8,7,24,3,3,7,6,6,25,49,26:45,Upland,California,USA,Upland,California,34.1178,-117.6604,78940
397,2018,Peugeot,3008,5,1,4,2,5,17,6,6,5,8,7,32,49,19:34,San Diego,California,France,San Diego,California,32.8313,-117.1222,3057778
398,2019,Dodge,Ram 1500,5,3,2,1,3,14,7,7,6,8,7,35,49,24:36,Ontario,California,USA,Ontario,California,34.0393,-117.6064,178347
399,1992,Ferrari,348ts,6,4,6,7,7,30,2,3,5,2,7,19,49,17:58,Doral,Florida,Italy,Doral,Florida,25.8152,-80.3565,76490
400,2022,Honda,Civic Si,5,2,5,5,4,21,5,5,6,5,6,27,48,24:19,San Diego,California,Japan,San Diego,California,32.8313,-117.1222,3057778
401,2022,Hyundai,Tucson Hybird,6,1,3,1,2,13,7,6,7,8,7,35,48,14:44,San Diego,California,South Korea,San Diego,California,32.8313,-117.1222,3057778
402,2022,Subaru,Outback Wilderness,4,3,3,2,1,13,6,7,7,8,7,35,48,17:09,San Diego,California,Japan,San Diego,California,32.8313,-117.1222,3057778
403,2022,Nissan,Pathfinder,5,1,3,1,1,11,7,7,7,9,7,37,48,25:23,Los Angeles,California,Japan,Los Angeles,California,34.1141,-118.4068,11885717
404,1988,Fiat,Multipla,3,1,4,5,7,20,3,5,5,9,6,28,48,32:27,Nashville,Tennessee,Italy,Nashville,Tennessee,36.1715,-86.7842,1178679
405,1989,LaForza,LaForza,6,1,3,4,6,20,3,6,6,7,6,28,48,29:40,Los Angeles,California,Italy,Los Angeles,California,34.1141,-118.4068,11885717
406,1993,Porsche,968 Clubsport,6,4,5,6,7,28,2,4,6,3,5,20,48,21:49,San Diego,California,Germany,San Diego,California,32.8313,-117.1222,3057778
407,2012,Fisker,Karma,5,4,4,3,6,22,5,6,5,4,6,26,48,26:52,Upland,California,USA,Upland,California,34.1178,-117.6604,78940
408,2016,Jeep,Wrangler 6x6,6,1,6,6,7,26,4,4,3,6,5,22,48,20:42,Upland,California,USA,Upland,California,34.1178,-117.6604,78940
409,1990,Bentley,Turbo R,5,2,3,4,5,19,3,9,6,5,6,29,48,24:45,El Cajon,California,UK,El Cajon,California,32.8017,-116.9604,104909
410,2020,Subaru,Outback XT,5,3,3,1,1,13,6,7,7,8,7,35,48,23:30,Santa Ana,California,Japan,Santa Ana,California,33.7367,-117.8819,311639
411,1987,Buick,Grand National,8,2,4,5,7,26,2,5,4,4,7,22,48,25:19,Santa Ana,California,USA,Santa Ana,California,33.7367,-117.8819,311639
412,2019,Mazda,Mazda3 Sedan,6,2,5,3,3,19,6,5,6,5,7,29,48,22:14,San Diego,California,Japan,San Diego,California,32.8313,-117.1222,3057778
413,2020,Ford,Escape Hybrid,5,1,3,1,1,11,8,6,6,8,8,36,47,23:39,Vista,California,USA,Vista,California,33.1896,-117.2386,98646
414,2006,Citren,C6,4,1,3,4,6,18,5,7,6,5,6,29,47,29:55,Nashville,Tennessee,France,Nashville,Tennessee,36.1715,-86.7842,1178679
415,2019,Subaru,Ascent,5,1,3,1,1,11,6,7,7,9,7,36,47,20:39,Santa Ana,California,Japan,Santa Ana,California,33.7367,-117.8819,311639
416,2021,Ford,Ranger Tremor,6,2,3,4,4,19,6,5,6,6,5,28,47,14:42,San Diego,California,USA,San Diego,California,32.8313,-117.1222,3057778
417,2021,Toyota,Venza Limited,5,1,3,1,1,11,8,7,7,8,6,36,47,22:13,San Diego,California,Japan,San Diego,California,32.8313,-117.1222,3057778
418,2022,Chevrolet,Bolt EUV,5,2,3,2,3,15,8,5,5,7,7,32,47,24:28,San Diego,California,USA,San Diego,California,32.8313,-117.1222,3057778
419,2000,Toyota,4Runner,5,1,3,3,5,17,3,4,7,8,8,30,47,26:22,San Diego,California,Japan,San Diego,California,32.8313,-117.1222,3057778
420,2021,Kia,Sorento SX X-Line,5,1,3,1,1,11,7,7,7,8,7,36,47,23:41,San Diego,California,South Korea,San Diego,California,32.8313,-117.1222,3057778
421,2021,Kia,K5 EX,6,1,4,1,1,13,8,6,7,6,7,34,47,22:05,San Diego,California,South Korea,San Diego,California,32.8313,-117.1222,3057778
422,2020,Toyota,C-HR,5,1,3,2,3,14,6,6,7,7,7,33,47,22:36,San Diego,California,Japan,San Diego,California,32.8313,-117.1222,3057778
423,1996,Chevrolet,Impala SS,7,1,4,4,6,22,2,6,5,5,7,25,47,25:37,San Diego,California,USA,San Diego,California,32.8313,-117.1222,3057778
424,2020,GMC,Sierra 3500 Denali,5,1,2,1,4,13,7,7,6,8,6,34,47,25:23,Carlsbad,California,USA,Carlsbad,California,33.1246,-117.2834,114500
425,1999,Bentley,Limo,4,1,2,4,6,17,4,10,6,5,5,30,47,26:07,Los Angeles,California,UK,Los Angeles,California,34.1141,-118.4068,11885717
426,1999,Mercedes-Benz,G500 Cabriolet,4,1,4,7,7,23,4,6,6,4,4,24,47,31:44,San Diego,California,Germany,San Diego,California,32.8313,-117.1222,3057778
427,2019,Toyota,RAV4,5,1,3,1,1,11,6,6,7,8,9,36,47,19:40,El Cajon,California,Japan,El Cajon,California,32.8017,-116.9604,104909
428,2001,Acura,Integra Type-R,5,2,6,6,6,25,2,4,6,4,6,22,47,22:55,Paramus,New Jersey,Japan,Paramus,New Jersey,40.9455,-74.0712,26500
429,1990,Mitsubishi,Eclipse GSX,6,2,5,6,6,25,2,5,5,4,6,22,47,25:18,Cleburne,Texas,Japan,Cleburne,Texas,32.3568,-97.4151,32966
430,2006,Land Rover,Range Rover,6,1,4,3,3,17,4,7,4,9,6,30,47,17:48,Philadelphia,Pennsylvania,UK,Philadelphia,Pennsylvania,40.0077,-75.1339,5696588
431,1992,Suzuki,Cappuccino,6,1,7,6,6,26,2,3,6,2,7,20,46,20:40,Modesto,California,Japan,Modesto,California,37.6375,-121.0028,355686
432,2022,Ford,Maverick XLT,6,3,3,2,3,17,5,5,6,6,7,29,46,28:37,El Cajon,California,USA,El Cajon,California,32.8017,-116.9604,104909
433,2022,Hyundai,Santa Cruz,5,2,3,2,4,16,6,6,7,6,5,30,46,26:32,San Diego,California,South Korea,San Diego,California,32.8313,-117.1222,3057778
434,1990,Mosler,Consulier GTP,4,5,7,7,6,29,2,3,4,2,6,17,46,26:07,San Diego,California,USA,San Diego,California,32.8313,-117.1222,3057778
435,2014,Volkswagen,XL1,6,1,4,6,7,24,4,4,6,3,5,22,46,27:01,Nashville,Tennessee,Germany,Nashville,Tennessee,36.1715,-86.7842,1178679
436,2020,Mazda,CX-30,6,1,4,2,2,15,6,6,6,7,6,31,46,22:38,San Diego,California,Japan,San Diego,California,32.8313,-117.1222,3057778
437,1986,Citren,CX25 Prestige,4,1,3,4,6,18,4,7,6,5,6,28,46,29:28,Gaithersburg,Maryland,France,Gaithersburg,Maryland,39.1346,-77.2131,69225
438,2017,Chevrolet,Bolt,5,3,3,2,3,16,6,5,5,7,7,30,46,18:53,Wharton,New Jersey,USA,Wharton,New Jersey,40.8998,-74.5808,7254
439,2000,Honda,S2000 2Fast 2Furious,6,1,7,6,8,28,3,4,4,1,6,18,46,25:04,Los Angeles,California,Japan,Los Angeles,California,34.1141,-118.4068,11885717
440,1994,Mercedes-Benz,S500 (W14),5,1,3,2,4,15,4,7,8,5,7,31,46,30:32,San Diego,California,Germany,San Diego,California,32.8313,-117.1222,3057778
441,1987,Mercedes-Benz,190E 2.3-16,5,1,5,5,5,21,2,5,6,5,7,25,46,21:46,San Diego,California,Germany,San Diego,California,32.8313,-117.1222,3057778
442,2006,Subaru,Baja Turbo,4,2,5,4,5,20,3,5,6,6,6,26,46,23:17,San Diego,California,Japan,San Diego,California,32.8313,-117.1222,3057778
443,2019,Dodge,Ram 2500 HD,5,1,2,1,3,12,7,7,6,8,6,34,46,24:27,Ontario,California,USA,Ontario,California,34.0393,-117.6064,178347
444,2019,Honda,Passport,5,2,3,1,1,12,7,6,7,9,5,34,46,23:17,El Cajon,California,Japan,El Cajon,California,32.8017,-116.9604,104909
445,2015,BMW,i3,6,2,4,4,5,21,5,6,6,6,2,25,46,22:42,Atlanta,Georgia,Germany,Atlanta,Georgia,33.7628,-84.422,5211164
446,2017,Ford,F-250 Platinum,4,2,2,1,3,12,6,7,7,8,6,34,46,25:37,Harrisburg,Pennsylvania,USA,Harrisburg,Pennsylvania,40.2752,-76.8843,499494
447,2020,Hyundai,Sonata Limited,4,1,4,1,1,11,9,6,7,6,7,35,46,24:19,San Diego,California,South Korea,San Diego,California,32.8313,-117.1222,3057778
448,1993,GMC,Typhoon,6,5,3,4,6,24,2,4,4,5,6,21,45,25:26,Thousand Oaks,California,USA,Thousand Oaks,California,34.1914,-118.8756,208302
449,2019,Kia,Niro EV,5,1,3,1,2,12,7,5,6,7,8,33,45,14:17,San Diego,California,South Korea,San Diego,California,32.8313,-117.1222,3057778
450,2022,Nissan,Frontier Pro-4X,6,1,3,4,3,17,5,5,6,6,6,28,45,20:45,San Diego,California,Japan,San Diego,California,32.8313,-117.1222,3057778
451,2020,Chevrolet,Blazer,5,3,3,1,1,13,6,6,6,8,6,32,45,14:56,Detroit,Michigan,USA,Detroit,Michigan,42.3834,-83.1024,3716929
452,1985,Lamborghini,Jalpa,6,3,5,7,7,28,2,3,3,2,7,17,45,23:51,San Diego,California,Italy,San Diego,California,32.8313,-117.1222,3057778
453,1993,Autozam,AZ-1,5,1,7,6,7,26,2,2,6,2,7,19,45,25:20,San Diego,California,Japan,San Diego,California,32.8313,-117.1222,3057778
454,1993,Alfa Romeo,RZ,4,2,6,6,8,26,2,4,5,2,6,19,45,28:10,Los Angeles,California,Italy,Los Angeles,California,34.1141,-118.4068,11885717
455,2019,Suzuki,Swift Boosterjet,6,1,4,3,3,17,5,5,6,5,7,28,45,21:42,Calexico,California,Japan,Calexico,California,32.6849,-115.4944,38476
456,2001,Toyota,MR2 Spyder,5,1,7,6,4,23,3,3,7,2,7,22,45,21:29,Dallas,Texas,Japan,Dallas,Texas,32.7935,-96.7667,5843632
457,2019,Chevrolet,Colorado ZR2,6,1,3,4,5,19,5,5,5,6,5,26,45,19:28,Seattle,Washington,USA,Seattle,Washington,47.6211,-122.3244,3555253
458,1991,Lamborghini,LM002,5,1,4,5,9,24,3,4,4,4,6,21,45,16:37,Pennington,New Jersey,Italy,Pennington,New Jersey,40.3262,-74.7908,2798
459,1991,Honda,Beat,6,1,5,5,6,23,3,3,6,2,7,21,44,22:53,Modesto,California,Japan,Modesto,California,37.6375,-121.0028,355686
460,1985,Audi,5000 Tresser,6,1,3,3,6,19,3,7,5,5,5,25,44,18:32,San Diego,California,Germany,San Diego,California,32.8313,-117.1222,3057778
461,2021,Honda,Ridgeline HPD,5,1,3,2,3,14,6,6,7,6,5,30,44,21:37,San Diego,California,Japan,San Diego,California,32.8313,-117.1222,3057778
462,2020,Volkswagen,Jetta SEL Premium,5,1,3,1,2,12,7,6,7,5,7,32,44,20:25,San Diego,California,Germany,San Diego,California,32.8313,-117.1222,3057778
463,2009,Chevrolet,HHR SS Panel,4,3,4,4,5,20,3,5,4,6,6,24,44,23:25,San Diego,California,USA,San Diego,California,32.8313,-117.1222,3057778
464,2013,Mini,Clubvan,5,1,5,3,3,17,4,5,6,6,6,27,44,22:16,Santa Ana,California,UK,Santa Ana,California,33.7367,-117.8819,311639
465,1992,Subaru,SVX,6,1,5,4,6,22,2,5,4,4,7,22,44,23:48,Cypress,California,Japan,Cypress,California,33.8171,-118.0386,49531
466,2019,Chevrolet,Silverado Trail Boss,5,2,2,2,3,14,5,6,5,8,6,30,44,8:38,Garden Grove,California,USA,Garden Grove,California,33.7787,-117.9601,170603
467,2004,Chevrolet,SSR,5,1,4,6,5,21,3,5,5,4,6,23,44,23:25,Springfield,Virginia,USA,Springfield,Virginia,38.781,-77.1839,30894
468,1977,Cadillac,Eldorado,5,1,2,5,6,19,2,8,5,4,6,25,44,18:40,Golden Valley,Minnesota,USA,Golden Valley,Minnesota,44.9901,-93.3591,21927
469,2001,Jeep,Cherokee XJ,7,1,3,2,4,17,2,4,6,7,7,26,43,23:59,Denver,Colorado,USA,Denver,Colorado,39.762,-104.8758,2691349
470,2019,Ford,Ranger,5,2,3,2,3,15,6,5,5,6,6,28,43,22:43,San Diego,California,USA,San Diego,California,32.8313,-117.1222,3057778
471,1991,BMW,750iL (E32),5,1,3,3,4,16,3,7,6,5,6,27,43,25:24,San Diego,California,Germany,San Diego,California,32.8313,-117.1222,3057778
472,1993,Cadillac,Allante,5,2,4,4,5,20,3,6,6,2,6,23,43,26:09,San Diego,California,USA,San Diego,California,32.8313,-117.1222,3057778
473,1991,Honda,Civic Si,4,1,4,4,6,19,2,4,6,6,6,24,43,24:22,San Diego,California,Japan,San Diego,California,32.8313,-117.1222,3057778
474,2021,Hyundai,Venue,5,1,3,1,1,11,6,6,6,7,7,32,43,12:36,San Diego,California,South Korea,San Diego,California,32.8313,-117.1222,3057778
475,1989,Cadillac,Brougham d'Elegance,5,1,2,3,5,16,3,7,6,4,7,27,43,24:14,San Diego,California,USA,San Diego,California,32.8313,-117.1222,3057778
476,1991,Toyota,Sera,5,1,3,5,7,21,2,4,6,3,7,22,43,18:42,Upland,California,Japan,Upland,California,34.1178,-117.6604,78940
477,1994,Acura,Legend Coupe,5,1,4,3,4,17,3,6,7,4,6,26,43,21:17,Mission Viejo,California,Japan,Mission Viejo,California,33.6096,-117.6551,634674
478,1999,Plymouth,Prowler,6,4,5,5,6,26,2,4,5,1,5,17,43,12:22,Wilkes-Barre,Pennsylvania,USA,Wilkes-Barre,Pennsylvania,41.2469,-75.876,44217
479,2005,Maserati,Quattroporte,4,5,6,2,5,22,4,5,3,5,4,21,43,18:20,Golden Valley,Minnesota,Italy,Golden Valley,Minnesota,44.9901,-93.3591,21927
480,1986,Nissan,Maxima,5,1,3,2,6,17,3,6,6,5,6,26,43,28:22,San Diego,California,Japan,San Diego,California,32.8313,-117.1222,3057778
481,2000,Ford,Excursion V10,4,1,2,1,4,12,3,5,6,9,7,30,42,24:16,Orange,California,USA,Orange,California,33.8038,-117.8218,138723
482,2004,Ford,Thunderbird,6,3,4,4,3,20,3,6,5,3,5,22,42,20:26,Philadelphia,Pennsylvania,USA,Philadelphia,Pennsylvania,40.0077,-75.1339,5696588
483,1998,Lincoln,Navigator,4,1,2,1,3,11,3,7,6,8,7,31,42,23:15,Los Angeles,California,USA,Los Angeles,California,34.1141,-118.4068,11885717
484,2005,Lincoln,Town Car,4,1,3,1,3,12,3,8,7,5,7,30,42,24:16,Los Angeles,California,USA,Los Angeles,California,34.1141,-118.4068,11885717
485,1987,Pontiac,Fiero GT,5,1,5,6,5,22,2,5,5,2,6,20,42,22:58,San Diego,California,USA,San Diego,California,32.8313,-117.1222,3057778
486,1990,Mitsubishi,Sigma,4,1,3,2,5,15,3,6,6,5,6,26,41,19:27,San Diego,California,Japan,San Diego,California,32.8313,-117.1222,3057778
487,1996,Chevrolet,Suburban,6,1,2,1,4,14,2,5,4,9,7,27,41,26:38,Yorba Linda,California,USA,Yorba Linda,California,33.889,-117.7714,67407
488,1989,Buick,Reatta,4,1,4,4,4,17,4,6,6,2,6,24,41,26:47,San Diego,California,USA,San Diego,California,32.8313,-117.1222,3057778
489,2008,Chevrolet,Tahoe Hybrid,5,1,2,1,2,11,3,6,6,9,6,30,41,22:43,Scottsdale,Arizona,USA,Scottsdale,Arizona,33.6872,-111.8651,242169
490,2011,Saab,9-5,6,1,4,2,4,17,4,5,5,5,5,24,41,20:39,San Diego,California,Sweden,San Diego,California,32.8313,-117.1222,3057778
491,1988,Jaguar,XJS V12,6,1,4,4,5,20,2,6,3,4,6,21,41,24:51,San Diego,California,UK,San Diego,California,32.8313,-117.1222,3057778
492,2018,Nissan,Titan XD Platinum Reserve,4,1,2,1,3,11,6,6,6,8,4,30,41,22:53,Fort Worth,Texas,Japan,Fort Worth,Texas,32.7817,-97.3474,941311
493,2022,Honda,Civic EX Sedan,5,1,3,1,1,11,6,5,6,5,7,29,40,19:45,Carlsbad,California,Japan,Carlsbad,California,33.1246,-117.2834,114500
494,1987,Dodge,Camper Van,3,1,2,1,4,11,4,5,5,9,6,29,40,25:49,San Diego,California,USA,San Diego,California,32.8313,-117.1222,3057778
495,2002,Lincoln,Blackwood,4,1,2,2,5,14,3,6,6,5,6,26,40,34:45,San Diego,California,USA,San Diego,California,32.8313,-117.1222,3057778
496,2007,Chrysler,PT Cruiser GT,3,3,3,4,2,15,3,5,4,7,6,25,40,24:17,San Diego,California,USA,San Diego,California,32.8313,-117.1222,3057778
497,1985,Oldsmobile,Custom Cruiser,4,1,2,2,5,14,2,5,5,7,7,26,40,24:42,San Diego,California,USA,San Diego,California,32.8313,-117.1222,3057778
498,2017,Land Rover,Evoque Convertible,3,1,4,3,4,15,6,7,6,3,3,25,40,17:17,Doral,Florida,UK,Doral,Florida,25.8152,-80.3565,76490
499,2004,Pontiac,Aztek,2,1,3,1,4,11,3,5,4,10,7,29,40,15:44,Harrisburg,Pennsylvania,USA,Harrisburg,Pennsylvania,40.2752,-76.8843,499494
500,1991,Subaru,Sambar Van,4,1,2,3,4,14,3,4,6,6,6,25,39,18:11,Martinez,California,Japan,Martinez,California,37.9985,-122.1161,36926
501,2003,Smart,Crossblade,6,1,3,6,6,22,2,3,5,1,6,17,39,26:39,Los Angeles,California,Germany,Los Angeles,California,34.1141,-118.4068,11885717
502,2016,Ford,F-650,5,1,2,4,6,18,3,4,7,3,4,21,39,22:37,Upland,California,USA,Upland,California,34.1178,-117.6604,78940
503,1996,Oldsmobile,Silhouette,3,1,2,1,4,11,4,5,4,9,6,28,39,24:55,San Diego,California,USA,San Diego,California,32.8313,-117.1222,3057778
504,2020,Toyota,Corolla Hybrid,4,1,3,1,1,10,6,5,6,5,7,29,39,10:37,San Diego,California,Japan,San Diego,California,32.8313,-117.1222,3057778
505,1973,Rolls-Royce,Silver Shadow,4,1,2,4,5,16,2,7,4,4,6,23,39,24:36,King of Prussia,Pennsylvania,UK,King of Prussia,Pennsylvania,40.0963,-75.3821,25025
506,2015,Cadillac,ELR,6,1,4,2,3,16,5,7,6,3,2,23,39,13:38,Birmingham,Michigan,USA,Birmingham,Michigan,42.5446,-83.2166,21612
507,2005,Pontiac,Vibe GT,4,1,3,3,2,13,3,4,5,7,6,25,38,22:32,San Diego,California,USA,San Diego,California,32.8313,-117.1222,3057778
508,1996,Mitsubishi,Pajero Mini,5,1,3,3,4,16,2,3,6,5,6,22,38,23:52,Cookeville,Tennessee,Japan,Cookeville,Tennessee,36.1482,-85.5109,35544
509,1996,Ford,Bronco,5,1,2,2,4,14,2,5,5,5,7,24,38,22:17,San Diego,California,USA,San Diego,California,32.8313,-117.1222,3057778
510,2001,Isuzu,VehiCROSS,3,1,3,3,4,14,2,4,6,5,7,24,38,23:29,Castaic,California,Japan,Castaic,California,34.4818,-118.6316,18479
511,1994,Ford,Explorer XLT,6,1,2,1,3,13,2,4,4,8,6,24,37,28:55,San Jose,California,USA,San Jose,California,37.3012,-121.848,1771563
512,1989,Dodge,Dakota Convertible,4,1,2,3,5,15,2,4,5,4,7,22,37,22:12,Los Angeles,California,USA,Los Angeles,California,34.1141,-118.4068,11885717
513,1988,Volga,GAZ 24-10,3,1,2,3,5,14,2,6,4,5,6,23,37,22:25,Los Angeles,California,Russia,Los Angeles,California,34.1141,-118.4068,11885717
514,2016,Los Res,Car,8,1,1,6,8,24,1,1,3,1,5,11,35,23:01,Los Angeles,California,Denmark,Los Angeles,California,34.1141,-118.4068,11885717
515,1992,Geo,Metro Convertible,5,1,2,3,4,15,2,3,5,2,6,18,33,23:49,San Diego,California,Japan,San Diego,California,32.8313,-117.1222,3057778
516,2005,Hummer,H2,4,1,2,1,1,9,3,7,2,9,2,23,32,9:00,Orlando,Florida,USA,Orlando,Florida,28.4773,-81.337,1913597
517,1975,Ferret,Tank,5,1,1,7,6,20,1,1,2,1,7,12,32,11:23,Franklin,Tennessee,UK,Franklin,Tennessee,35.92,-86.8516,85575
518,2016,Mitsubishi,Mirage,3,1,2,1,1,8,3,4,3,7,6,23,31,22:33,San Mateo,California,Japan,San Mateo,California,37.5522,-122.3121,103555
519,2012,Nissan,Murano CrossCabriolet,2,1,3,1,2,9,4,5,5,4,3,21,30,6:49,Philadelphia,Pennsylvania,Japan,Philadelphia,Pennsylvania,40.0077,-75.1339,5696588
520,2017,Mercedes-Benz,Metris,3,1,3,1,1,9,4,6,4,6,1,21,30,25:30,Denver,Colorado,Germany,Denver,Colorado,39.762,-104.8758,2691349
521,1988,Yugo,GV,3,1,2,3,6,15,2,3,1,3,5,14,29,9:51,Douglasville,Georgia,Yugoslavia,Douglasville,Georgia,33.7384,-84.7054,36284
522,1971,Trabant,Trabant,2,1,1,3,7,14,1,2,1,3,6,13,27,9:40,Fairfax,Virginia,East Germany,Fairfax,Virginia,38.8531,-77.2997,24478
